vejledning_ref,count,retsomraade,kilde,example_context
Miljøstyrelsens vejledning,2563,Husdyrbrugloven | Jordforureningsloven | Landbrugsstøtte | Miljøbeskyttelsesloven | Miljøvurdering af konkrete projekter | NBL - beskyttelseslinier | PKN | Råstofloven | Vandforsyningsloven | Vandløbsloven | Øvrige lovområder,mfkn + pkn,"…ilsyn. Det indgik i vurderingen, hvilke skydeaktiviteter der kunne accepteres uden overskridelse af Miljøstyrelsens vejledende grænseværdier for virksomhedsstøj. Kommunen fandt, at støjen ikke skulle"
Landzoneadministration,411,Husdyrbrugloven | NBL - beskyttelseslinier | PKN | Øvrige lovområder,mfkn + pkn,"…nr. 121 af 25. januar 2017).</p><p><a href=""#_ftnref4"" name=""_ftn4"" title="""">[4]</a> Vejledning om landzoneadministration, 2018 (opdateret 2019), afsnit 3.9.1.</p><p><a href=""#_ftnref5"" name=""_ftn5"" "
Beskyttet natur,262,Kystbeskyttelsesloven | NBL - beskyttede naturtyper | NBL - beskyttelseslinier,mfkn,"…for tilstands&aelig;ndringer til landbrugsform&aring;l.</p><p>Det f&oslash;lger af vejledningen om beskyttet natur,<a href=""#_ftn16"" name=""_ftnref16"" title="""">[16]</a> at &rdquo;sommerhusomr&aring;de"
Registrering af beskyttede naturtyper,252,Husdyrbrugloven | NBL - beskyttede naturtyper | NBL - beskyttelseslinier | NBL - øvrige,mfkn,"…le=""color:blue; text-decoration:underline"" title="""">[6]</a> Kapitel 2.8 Ferske enge i Vejledning om registrering af beskyttede naturtyper, Milj&oslash;ministeriet, Skov- og Naturstyrelsen, 1993; <a h"
Miljøgodkendelse af husdyrbrug i overensstemmelse med nævnets praksis,245,Husdyrbrugloven,mfkn,"…Odense Fjord, i overensstemmelse med afskæringskriterierne i Miljøstyrelsens digitale vejledning om miljøgodkendelse af husdyrbrug. Nævnet har imidlertid i anledning af klagen foretaget en selvstændi"
Vejledning nr. 11740 af 4. december 1986,217,Aktindsigt | Dyresundhed og –velfærd | Fiskeri | Fredning mv. | Fødevarer | Husdyrbrugloven | Krydsoverensstemmelse og konditionalitet | Landbrugsstøtte | Miljøbeskyttelsesloven | Miljøvurdering af konkrete projekter | NBL - beskyttelseslinier | NBL - øvrige | PKN | Projektstøtte | Vandløbsloven,mfkn + pkn,"…af 29. maj 2024 med senere &aelig;ndringer.</p><p><a href=""#_ftnref4"" name=""_ftn4"" title="""">[4]</a> Vejledning nr. 11740 af 4. december 1986. Vejledningen kan l&aelig;ses p&aring; retsinformation: <a"
Miljøgodkendelse af husdyrbrug,213,Husdyrbrugloven | Miljøbeskyttelsesloven,mfkn,"…orhold.</p> <p class=""quote"">Det fremgår i overensstemmelse hermed af Miljøstyrelsens vejledning om miljøgodkendelse af husdyrbrug, at kommunen i forbindelse med behandlingen af en ansøgning om godke"
Beskyttede sten- og jorddiger,197,Miljøvurdering af planer og programmer | Museumsloven | PKN,mfkn + pkn,"…juli 2016 fastholdt, at der ikke kan gives en dispensation under henvisning til bl.a. vejledning om beskyttede sten- og jorddiger.</p> <p><strong>3.1.6. Landskabelige påvirkninger, fotostandpunkter o"
Naturstyrelsens vejledning,191,Fredning mv. | Fødevarer | Husdyrbrugloven | Miljøbeskyttelsesloven | Miljømålsloven og vandplanlægningsloven | Miljøvurdering af konkrete projekter | Miljøvurdering af planer og programmer | NBL - beskyttede naturtyper | NBL - beskyttelseslinier | NBL - øvrige | PKN | Råstofloven | Skovloven | Vandforsyningsloven | Vandløbsloven | Øvrige lovområder,mfkn + pkn,"…"" title=""""><span style=""color:#000000"">[11]</span></a><span style=""color:#000000""> Der henvises til Naturstyrelsens vejledning fra juni 2011 om den tidligere habitatbekendtg&oslash;relse (bekendtg&os"
Forståelse af,136,Aktindsigt | Miljøbeskyttelsesloven,mfkn,"…i denne forbindelse til Deres orientering en ekstrakt fra lovens forarbejder med en vejledning til forståelse af, om betingelserne for en nævnsbehandling er opfyldt.     </p>          <p class=""c2""> "
Vejledning nr. 9339 af 12. marts 2009,118,Havmiljøloven | Kystbeskyttelsesloven | Miljøbeskyttelsesloven | Miljøvurdering af konkrete projekter | Miljøvurdering af planer og programmer | Råstofloven | Øvrige lovområder,mfkn,"…r. 425 af 18. maj 2016 om miljøvurdering af plan og programmer og af konkrete projekter (VVM), samt Vejledning nr. 9339 af 12. marts 2009 om VVM i planloven, afsnit 8 VVM-tilladelsen, under punktet o"
Vejledning nr. 10226 af 19. december 2019,110,NBL - beskyttede naturtyper | NBL - beskyttelseslinier | PKN,mfkn + pkn,"…beskyttede naturtyper.</p></div><div id=""ftn7""><p><a href=""#_ftnref7"" name=""_ftn7"" title="""">[7]</a> Vejledning nr. 10226 af 19. december 2019 om naturbeskyttelseslovens &sect; 3-beskyttede naturtyper"
Vejledning nr. 9093 af 21. februar 2024,101,Kystbeskyttelsesloven | Miljøbeskyttelsesloven | Miljøvurdering af konkrete projekter | Vandforsyningsloven,mfkn,"…cielle bem&aelig;rkninger til &sect; 22.</p><p><a href=""#_ftnref11"" name=""_ftn11"" title="""">[11]</a> Vejledning nr. 9093 af 21. februar 2024 om milj&oslash;vurdering af planer og programmer og af konk"
Klageren,70,Miljøvurdering af planer og programmer | PKN,mfkn + pkn,"…k det, at afg&oslash;relsen kunne p&aring;klages til Planklagen&aelig;vnet via klageportalen.</p><p>Klageren har indgivet en klage over kommunens afg&oslash;relse i klageportalen den 26. september 20"
Håndbog om Miljø og Planlægning,68,Miljøbeskyttelsesloven | Miljøvurdering af konkrete projekter | PKN | Øvrige lovområder,mfkn + pkn,"…up> <a id=""footnote-ref-3"" href=""#footnote-3""> [3] </a> </sup></p> <h3>3.6. Miljøklasser</h3> <p>I ""Håndbog om Miljø og Planlægning"" <sup> <a id=""footnote-ref-4"" href=""#footnote-4""> [4] </a> </sup> b"
Udbetaling af projekttilskud under LDP,56,Landbrugsloven | Landbrugsstøtte | Projektstøtte,mfkn,"…""margin-left:0cm; margin-right:0cm""><a href=""#_ftnref4"" name=""_ftn4"" title="""">[4]</a> Vejledning om udbetaling af projekttilskud under LDP, januar 2016.</p> </div>  <div> <p style=""margin-left:0cm; m"
Miljøstyrelsen vejledning,50,Husdyrbrugloven | Jordforureningsloven | Miljøbeskyttelsesloven | Miljøvurdering af konkrete projekter | Råstofloven,mfkn,"…hverken miljøgodkendelsen eller vilkår.</p> <p class=""quote"">Mens udkastet var i høring opdaterede Miljøstyrelsen vejledningen til vurdering af lugtgener og geneafstand for minkfarme. Dette skete som"
Godkendelse af husdyrbrug,43,Husdyrbrugloven,mfkn,…ålegrænser for de forskellige naturtyper mht. ammoniaknedfald varierer betydeligt jf. Vejledning om godkendelse af husdyrbrug. Se tabel 18. </em> [Undladt].</p> <p>[…]</p> <p><em> Kategori 1 </em></p
Vejledning nr. 9236 af 29. april 2014,40,Fødevarer,mfkn,"…div> <p style=""margin-left:0cm; margin-right:0cm""><a href=""#_ftnref5"" name=""_ftn5"" title="""">[5]</a> Vejledning nr. 9236 af 29. april 2014 om f&oslash;devarehygiejne.</p> </div>  <div> <p style=""margi"
Tilladelse og miljøgodkendelse m,39,Husdyrbrugloven | Miljøbeskyttelsesloven,mfkn,…bufferzoner) samt en række andre naturforhold.</p> <p>Ifølge Skov- og Naturstyrelsens vejledning om tilladelse og miljøgodkendelse m.v. af husdyrbrug (2006) (godkendelsesvejledningen) skal kommunen m
Skydebaner,37,Miljøbeskyttelsesloven | Miljøvurdering af konkrete projekter | PKN,mfkn + pkn,"…erne.</p> <p>Kommunen oplyste, at etablering af banen ikke er godkendelsespligtig som ”almindelige” skydebaner, og ikke er omfattet af miljølovgivningens bestemmelser om miljøtilsyn. Det indgik i vur"
Beskyttelse af bilag IV-arter,37,Miljøbeskyttelsesloven | Miljøvurdering af konkrete projekter | Museumsloven | Vandløbsloven,mfkn,"…le- eller rasteomr&aring;der.</p><p>&nbsp;</p><p>Habitatdirektivets artikel 12, stk. 1, litra d, om beskyttelse af bilag IV-arter er i dansk lovgivning navnlig implementeret i habitatbekendtg&oslash;"
Landzoneadministrationen,35,Husdyrbrugloven | PKN,mfkn + pkn,"…nr. 121 af 25. januar 2017).</p><p><a href=""#_ftnref7"" name=""_ftn7"" title="""">[7]</a> Vejledning om landzoneadministrationen, 2018 (opdateret 2019), afsnit 2.2.4 (s. 60).</p><p><a href=""#_ftnref8"" nam"
Vejledning nr. 9922 af 28. september 2009,35,Miljøvurdering af konkrete projekter | PKN | Vandløbsloven,mfkn + pkn,"…rvsstyrelsen, juli 2018, s. 28. <a href=""#footnote-ref-6""> ↑ </a></p> </li> <li id=""footnote-7""> <p>Vejledning nr. 9922 af 28. september 2009 om lokalplanlægning, afsnit 1.3.2. <a href=""#footnote-ref"
Miljøstyrelsens vejledning om skydebaner,35,Miljøbeskyttelsesloven | PKN,mfkn + pkn,"…imale støjbelastning for skydebanen er 62 dB(A), og at der er ansøgt om den maksimale skydetid, jf. Miljøstyrelsens vejledning om skydebaner.</p> <h3>2.3. Kommunens afgørelse</h3> <p>Faaborg-Midtfyn "
Ekstern støj fra virksomheder,34,Husdyrbrugloven | Miljøbeskyttelsesloven | Miljøvurdering af konkrete projekter | PKN | Råstofloven,mfkn + pkn,"…landzonetilladelse.</p> <p>Da kommunen i den konkrete sag har taget udgangspunkt i vejledningen om ekstern støj fra virksomheder, og ikke i vejledningen om skydebaner, finder nævnet, at der ikke er d"
Miljøstyrelsens vejledning om afskæringskriterier for udvaskning af nitrat til overfladeva,34,Husdyrbrugloven,mfkn,"…gt sårbart. Mariager Fjord klassificeres af Mariagerfjord Kommune, som et særlig sårbart område jf. Miljøstyrelsens vejledning om afskæringskriterier for udvaskning af nitrat til overfladevande, idet"
Vejledning nr. 9210 af 18. april 2024,32,Fiskeri | Havmiljøloven | Miljøbeskyttelsesloven | NBL - beskyttede naturtyper | PKN | Vandforsyningsloven,mfkn + pkn,"…grundvandsforekomster.</p></div><div id=""ftn9""><p><a href=""#_ftnref9"" name=""_ftn9"" title="""">[9]</a> Vejledning nr. 9210 af 18. april 2024 til bekendtg&oslash;relse om indsatsprogrammer for vandomr&ar"
Kontrol med krydsoverensstemmelse febr,31,Dyresundhed og –velfærd | Krydsoverensstemmelse og konditionalitet,mfkn,"…ass=""small""><dd><sup><a id=""footnote7""> </a>7</sup>Krav 3.37 i NaturErhvervstyrelsens Vejledning om kontrol med krydsoverensstemmelse febr. 2014 (www.naturerhverv.dk).</dd></dl><dl class=""small""><dd>"
Kontrol med krydsoverensstemmelse sept,31,Krydsoverensstemmelse og konditionalitet,mfkn,"…lass=""small""><dd><sup><a id=""footnote5""> </a>5</sup>Krav 4.5 i NaturErhvervstyrelsens Vejledning om kontrol med krydsoverensstemmelse sept. 2014 (fra 15. sept. 2014) (www.naturerhverv.dk).</dd></dl><"
Planklagenævnet,30,Miljøvurdering af planer og programmer | PKN,mfkn + pkn,…truffet afgørelse vedrørende tre halmballevogne på samme ejendom og brug af round pen-banen.</p> <p>Planklagenævnet har modtaget en klage over afgørelserne.</p> <p>Planklagenævnet ophæver afgørelsern
Vejledning nr. 10099 af 20. december 2023,28,Fødevarer,mfkn,"…vedr&oslash;rende f&oslash;devaresikkerhed.</p><p><a href=""#_ftnref5"" name=""_ftn5"" title="""">[5]</a> Vejledning nr. 10099 af 20. december 2023 om f&oslash;devarehygiejne (nug&aelig;ldende vejledning n"
Lov om landbrugsejendomme,27,Landbrugsloven | PKN,mfkn + pkn,"…n3"" title=""""><span style=""color:null;"">[3]</span></a><span style=""color:null;"">&nbsp;Vejledning til lov om landbrugsejendomme, 2022, s. 35.</span></p></div><div><p style=""margin-left:0cm; margin-righ"
Miljøstyrelsens vejledning om miljøgodkendelse af husdyrbrug,27,Husdyrbrugloven | Miljøbeskyttelsesloven,mfkn,"…dere bør kommunen foretage en vurdering af ansøgers tolkning af resultaterne.</p> <p>Det fremgår af Miljøstyrelsens vejledning om miljøgodkendelse af husdyrbrug <sup> <a id=""386178754259396-footnote-"
Ordningen,27,Landbrugsstøtte | Projektstøtte,mfkn,"…ikke skal bortfalde. Styrelsen har herved lagt v&aelig;gt p&aring; form&aring;let med st&oslash;tteordningen, som er pleje af gr&aelig;s- og naturarealer, samt at den pleje, som tilskuddet d&aelig;kk"
Vejledning nr. 9126 af 15. februar 2019,26,Fødevarer | Vandforsyningsloven,mfkn,"…div> <p style=""margin-left:0cm; margin-right:0cm""><a href=""#_ftnref4"" name=""_ftn4"" title="""">[4]</a> Vejledning nr. 9126 af 15. februar 2019 om autorisation og registrering af f&oslash;devarevirksomhe"
Vejledning nr. 9866 af 27. juli 2022,24,Fødevarer,mfkn,"…a href=""#_ftnref4"" name=""_ftn4"" style=""color:blue; text-decoration:underline"" title="""">[4]</a>&nbsp;Vejledning nr. 9866 af 27. juli 2022 om f&oslash;devarehygiejne.</span></p> </div> </div>…"
Vejledning nr. 9440 af 25. juli 2008,24,Fødevarer,mfkn,"…april 2004 (Hygiejneforordningen)</dd></dl><dl class=""small""><dd><sup><a id=""footnote3""> </a>3</sup>Vejledning nr. 9440 af 25. juli 2008 om fødevarehygiejne, s. 176.</dd></dl><dl class=""small""><dd><s"
Vejledning nr. 9702 af 20. oktober 2008,24,Havmiljøloven | Miljøbeskyttelsesloven | Øvrige lovområder,mfkn,"…><div id=""ftn17""><p><a href=""#_ftnref17"" name=""_ftn17"" title="""">[17]</a> By- og Landskabsstyrelsens vejledning nr. 9702 af 20. oktober 2008 om Dumpning af optaget havbundsmateriale &ndash; klapning.<"
Miljøstyrelsens vejledning om beregning af ekstern støj fra virksomheder,24,Miljøbeskyttelsesloven,mfkn,"…er og beregninger udført efter den nordiske beregningsmetode for ekstern støj fra virksomheder, jf. Miljøstyrelsens vejledning om beregning af ekstern støj fra virksomheder. Grænseværdierne er fastsa"
Tilskud til nybyg,23,Projektstøtte,mfkn,"…><a href=""#_ftnref3"" name=""_ftn3"" title="""">[3]</a> Modernisering af kv&aelig;gstalde, vejledning om tilskud til nybyg, tilbyd og renoveringsprojekter p&aring; staldanl&aelig;g for malkekv&aelig;g og "
Vejledning nr. 67 af 1. april 1992,22,PKN,pkn,"…cm""><a href=""#_ftnref3"" name=""_ftn3"" style=""color:blue; text-decoration:underline"" title="""">[3]</a> Vejledning nr. 67 af 1. april 1992 om planloven, afsnit B.1.</p> </div>  <div> <p style=""margin-lef"
Lokalplanlægning,22,Husdyrbrugloven | Miljøvurdering af konkrete projekter | PKN,mfkn + pkn,"…alplanforslag, men at Teknisk Udvalg herefter i november 2017 besluttede ikke at arbejde videre med lokalplanlægningen <em> på grund af modstanden mod yderligere udstykning i de indkomne høringssvar "
Vejledning nr. 9613 af 5. juli 2019,22,Fødevarer,mfkn,"…Miljø- og Fødevareklagenævnet. <a href=""#footnote-ref-3""> ↑ </a></p> </li> <li id=""footnote-4""> <p>Vejledning nr. 9613 af 5. juli 2019 om fødevarehygiejne. <a href=""#footnote-ref-4""> ↑ </a></p> </li>"
Enkeltbetaling,22,Landbrugsstøtte | NBL - øvrige | Projektstøtte,mfkn,"…alingsrettighederne ikke er blevet udnyttet i 2013 og 2014, da der ikke er blevet søgt støtte under Enkeltbetalingsordningen i 2013 og 2014.</p><p>I anfører i jeres klage, at inddragelsen skyldes på "
Kontrol med krydsoverensstemmelse,21,Krydsoverensstemmelse og konditionalitet,mfkn,"…op til kravene om overd&aelig;kning af markstakke, da det fremg&aring;r af styrelsens Vejledning om kontrol med krydsoverensstemmelse 2012, at overd&aelig;kning skal ske med plastfolie eller en t&ael"
Naturstyrelsens vejledning om tilladelse og miljøgodkendelse m,20,Husdyrbrugloven | Miljøbeskyttelsesloven,mfkn,"…zone), beskyttede naturtyper (bufferzoner) samt en række andre naturforhold.</p> <p>Ifølge Skov- og Naturstyrelsens vejledning om tilladelse og miljøgodkendelse m.v. af husdyrbrug (2006) (godkendelse"
Natur- og Miljøklagenævnet,19,Aktindsigt | Fredning mv. | Husdyrbrugloven | Miljøbeskyttelsesloven | Miljøvurdering af konkrete projekter | NBL - beskyttelseslinier | NBL - øvrige | PKN,mfkn + pkn,"…en til Planklagenævnet</h2> <p>Kommunens afgørelse er den 24. november 2016 påklaget af ansøger til Natur- og Miljøklagenævnet. Sagen er pr. 1. februar 2017 overført til Planklagenævnet jf. § 14, stk"
Vejledning nr. 9533 af 26. juni 2018,19,Dyresundhed og –velfærd | Fiskeri | Fødevarer | Krydsoverensstemmelse og konditionalitet | Landbrugsstøtte | Miljøvurdering af konkrete projekter | PKN | Projektstøtte,mfkn + pkn,"…g;ledes er tale om en periode p&aring; 1 &aring;r og 1 dag. Klageren henviser i den forbindelse til vejledning nr. 9533 af 26. juni 2018, pkt. 3.2, om at en klagefrist b&oslash;r regnes fra den dato "
Adgangsregler i naturen,19,NBL - øvrige,mfkn,"…title="""">[7]</a> Styrelsen for Gr&oslash;n Arealoml&aelig;gning og Vandmilj&oslash;s Vejledning om adgangsregler i naturen, afsnit 6.1.13: <a href=""https://sgavmst.dk/natur-og-jagt/regler-for-faerdse"
Afskæringskriterier for udvaskning af nitrat til overfladevande,18,Husdyrbrugloven,mfkn,"…med Miljøstyrelsen, som er mundet ud i konkrete 'retningslinjer' samt Miljøstyrelsen vejledning om afskæringskriterier for udvaskning af nitrat til overfladevande.</p> <p>[...]</p> <p><strong>Vurderi"
Miljøstyrelsens vejledning om vandkvalitet og tilsyn med vandforsyningsanlæg nr,18,Vandforsyningsloven,mfkn,"…l husholdningsbrug og skal producere mindre end 3.000 m3 vand.</p> <p>Klager henviser endvidere til Miljøstyrelsens vejledning om vandkvalitet og tilsyn med vandforsyningsanlæg nr. 3, 2005, pkt. 3.2."
Vejledning nr. 9025 af 17. januar 2013,17,Fødevarer,mfkn,…ntets og Rådets forordning (EF) nr. 853/2004 af 29. april 2004 og kapitel 67.3 i Fødevarestyrelsens vejledning nr. 9025 af 17. januar 2013 om fødevarehygiejne.</dd></dl><p></p>…
Basistilstandsrapporter,17,Miljøbeskyttelsesloven,mfkn,"…elig;ver Silkeborg Kommunes afg&oslash;relse af 1. september 2022 om p&aring;bud om udarbejdelse af basistilstandsrapport til [Virksomhed1], [Adresse1], og hjemviser sagen til fornyet behandling.</p>"
Beregning af ekstern støj fra virksomheder,17,Miljøbeskyttelsesloven,mfkn,"…nr. 6/1984 ” <em> Måling af ekstern støj fra virksomheder </em> ” samt vejledning nr. 5/1993 ” <em> Beregning af ekstern støj fra virksomheder </em> ”.</p> <p>Det fremgår desuden af støjrapporten, at"
Miljøstyrelsens vejledning om støj fra motorsportsbaner,17,Miljøbeskyttelsesloven | Miljøvurdering af konkrete projekter,mfkn,"…menter (ikke motoriserede) anvendes virksomhedens højttalersystem. Lyden herfra vil kunne overholde Miljøstyrelsens vejledende støjgrænser i naboområder, såfremt det stationære støjmålesystem registr"
Vandkvalitet og tilsyn med vandforsyningsanlæg nr,17,Vandforsyningsloven | Vandløbsloven,mfkn,"…al være af typen ""Forenklet kontrol"", jf. bilag 2 i bekendtgørelse nr. 1449 af 11. december 2007 om vandkvalitet og tilsyn med vandforsyningsanlæg.</td> </tr> <tr> <td class=""nobreak"" valign=""top"" al"
Klagerne,16,Kystbeskyttelsesloven | PKN,mfkn + pkn,"…n den 3. juli 2025, hvilket svarer til 4 uger fra afg&oslash;relsens offentligg&oslash;relse.</p><p>Klagerne har indgivet en klage over kommunens afg&oslash;relse i klageportalen den 20. november 202"
Miljøstyrelsens vejledning om ekstern støj fra virksomheder,16,Husdyrbrugloven | Miljøbeskyttelsesloven | Miljøvurdering af konkrete projekter | PKN,mfkn + pkn,"…grænse til nærmeste boligområde (skel). Rapporten konkluderer, at de ansøgte aktiviteter overholder Miljøstyrelsens vejledende grænseværdier for støj til nærmeste boligområder (opholdsarealer) både i"
Vejledning nr. 9042 af 29. januar 2021,16,Fødevarer,mfkn,"…div> <p style=""margin-left:0cm; margin-right:0cm""><a href=""#_ftnref6"" name=""_ftn6"" title="""">[6]</a> Vejledning nr. 9042 af 29. januar 2021 om f&oslash;devarehygiejne.</p> </div> </div>…"
Miljøregulering af husdyrhold,16,Husdyrbrugloven,mfkn,"…i juni 2016 offentliggjorte nye viden om lugt fra mink, jf. Miljøstyrelsens digitale vejledning om miljøregulering af husdyrhold. <sup> <a id=""footnote-ref-16"" href=""#footnote-16""> [16] </a> </sup> N"
Planlægning for og tilladelse til opstilling af vindmøller,15,Miljøvurdering af konkrete projekter | Miljøvurdering af planer og programmer | NBL - beskyttelseslinier | PKN,mfkn + pkn,"…er tages hensyn til skyggekast fra vindmøllens vinger i forhold til nabobeboelse, jf. vejledning om planlægning for og tilladelse til opstilling af vindmøller pkt. 4.4.3. Generne bør vurderes både i "
Egenkontrol i fødevarevirksomheder,15,Fødevarer,mfkn,"…forordning (EF) nr. 852/2004 af 29. april 2004 (hygiejnefor-ordningen) og afsnit XI i Vejledning om egenkontrol i fødevarevirksomheder (Fødevarestyrelsen, 2012) (fvst.dk)</dd></dl><dl class=""small""><"
Vejledning nr. 9563 af 16. oktober 2002,15,Husdyrbrugloven | Miljøvurdering af konkrete projekter,mfkn,"…007, s&aelig;rtrykket, side 67-68. <a href=""#footnote-ref-11""> &uarr; </a></p> 	</li> 	<li> 	<p>Jf. Vejledning nr. 9563 af 16. oktober 2002 om landzoneadministration &ndash; planlovens &sect;&sect; 3"
Miljøstyrelsens vejledning om godkendelse af husdyrbrug,15,Husdyrbrugloven,mfkn,"…etype skal udføres på baggrund af normtal uden inddragelse af teknologi (herunder fodertiltag), jf. Miljøstyrelsens vejledning om godkendelse af husdyrbrug. <sup> <a id=""126113924582355-footnote-ref-"
Regioner og kommuner,15,Landbrugsloven | Miljøvurdering af planer og programmer | Råstofloven,mfkn,"…-decoration:underline"" title="""">[5]</a>&nbsp;Administration af r&aring;stofloven, En vejledning til regioner og kommuner, september 2012, side 23.</span></p> </div> </div>…"
Lov om miljøvurdering af planer og programmer og af konkrete projekter,15,Miljøvurdering af konkrete projekter,mfkn,"…al.dk/html5/index.html?viewer=distribution . ↑</p> </li> <li id=""footnote-5""> <p>Forslag nr.147 til Lov om miljøvurderings af planer og programmer og af konkrete projekter (VVM) som fremsat den 3. ma"
Måling af ekstern støj fra virksomheder,14,Husdyrbrugloven | Miljøbeskyttelsesloven,mfkn,"…år, og skal foretages i overensstemmelse med miljøstyrelsens til enhver tid gældende vejledning om måling af ekstern støj fra virksomheder. Der er stillet vilkår om dette i miljøgodkendelsen.</p> <p "
"Miljøstyrelsens vejledning om vandkvalitet og tilsyn med vandforsyningsanlæg, gældende udg",14,Vandforsyningsloven,mfkn,"…, og der bør desuden gives påbud om at forbedre vandkvaliteten efter Vandforsyningslovens § 62, jf. Miljøstyrelsens vejledning om vandkvalitet og tilsyn med vandforsyningsanlæg, gældende udgave.</p> "
Miljøstyrelsens vejledning om vandkvalitet og tilsyn med vandforsyningsanlæg,14,Vandforsyningsloven,mfkn,"…slag til lov om vandforsyning m.v. fremsat den 10. januar 1978 af miljøministeren. </dd></dl> <p>Af Miljøstyrelsens vejledning om vandkvalitet og tilsyn med vandforsyningsanlæg6 fremgår det, at vandb"
Lokalplanvejledning,13,PKN,pkn,"…line"" title=""""><span style=""color:#000000"">[6]</span></a><span style=""color:#000000""> Vejledning om lokalplanvejledning, Milj&oslash;ministeriet, By- og Landskabsstyrelsen, september 2009, side 47.</"
Vejledning nr. 9756 af 15. maj 2008,13,PKN,pkn,"…div> <p style=""margin-left:0cm; margin-right:0cm""><a href=""#_ftnref3"" name=""_ftn3"" title="""">[3]</a> Vejledning nr. 9756 af 15. maj 2008 om kommuneplanl&aelig;gning, afsnit G.2.2, jf. afsnit G.2.3.</p"
Krydsoverensstemmelse,13,Krydsoverensstemmelse og konditionalitet,mfkn,"…&oslash;relse efter &sect; 3 og &sect; 4, stk. 2, i bekendtg&oslash;relse nr. 380 af 1. maj 2018 om krydsoverensstemmelse (KO-bekendtg&oslash;relsen), jf. landbrugsst&oslash;ttelovens &sect; 22 b, st"
Vejledning nr. 9627 af 6. juli 2017,12,Miljøbeskyttelsesloven | Miljøvurdering af konkrete projekter | NBL - beskyttede naturtyper | PKN,mfkn + pkn,"…rekomster af 11. april 2019 g&aelig;ldende.</p><p><a href=""#_ftnref8"" name=""_ftn8"" title="""">[8]</a> Vejledning nr. 9627 af 6. juli 2017 til bekendtg&oslash;relse om indsatsprogrammer for vandomr&arin"
Beskyttede dyrearter,12,PKN,pkn,"…trid med habitatdirektivets artikel 12. Det fremg&aring;r desuden af EU-Kommissionens vejledning om beskyttede dyrearter, at hvis yngle- eller rasteomr&aring;derne forbliver p&aring; samme st&oslash;"
Sagsbehandling af sager vedr,12,Dyresundhed og –velfærd,mfkn,"…rsgrupper, der er n&aelig;vnt i &sect;&sect; 4-8.</p><p>I henhold til afsnit 2.5.3 i vejledning til sagsbehandling af sager vedr. overskridelsen af gr&aelig;nsev&aelig;rdier for antibiotika forst&ari"
Vejledning nr. 9195 af 16. marts 2023,12,Fødevarer,mfkn,"…h;- og F&oslash;devareklagen&aelig;vnet mv.</p><p><a href=""#_ftnref4"" name=""_ftn4"" title="""">[4]</a> Vejledning nr. 9195 af 16. marts 2023 om autorisation og registrering af f&oslash;devarevirksomhede"
Vejledning nr. 9696 af 29. juni 2018,12,Husdyrbrugloven | Landbrugsloven,mfkn,"…&aelig;re nr. 94 af 22. november 2010 om lov om landbrugsejendomme (&sect; 41, stk. 5, nr. 2), samt Vejledning nr. 9696 af 29. juni 2018 til landbrugsloven (afsnit 4.1.2).</p> </div> </div>…"
Miljøklagenævnet,11,Aktindsigt | Husdyrbrugloven | Miljøbeskyttelsesloven | Vandforsyningsloven,mfkn,"<div class=""head""> <h1></h1> <p class=""subtitle"">Natur- og Miljøklagenævnets afgørelse af 8. juni 2011</p> <p class=""parter""><strong>Sag NMK-810-00037</strong><br></p> </div>…"
Vejledning nr. 9297 af 21. marts 2022,11,Fødevarer,mfkn,"…</div><div id=""ftn4""><p><a href=""#_ftnref4"" name=""_ftn4"" title="""">[4]</a> F&oslash;devarestyrelsens vejledning nr. 9297 af 21. marts 2022 om autorisation og registrering af f&oslash;devarevirksomhede"
Miljøstyrelsens vejledning om miljøregulering af husdyrhold,11,Husdyrbrugloven,mfkn,"…ejere af ejendomme, der matrikulært grænser op til den ejendom, hvorpå anlægget er beliggende, jf. Miljøstyrelsens vejledning om miljøregulering af husdyrhold. <sup> <a id=""footnote-ref-4"" href=""#foo"
Biologisk bedømmelse af vandløbskvalitet,11,Miljøbeskyttelsesloven | Vandforsyningsloven,mfkn,…4.1 om sammenhæng mellem forureningsgrad og faunaklasse i Miljøstyrelsens vejledning nr. 5/1998 om biologisk bedømmelse af vandløbskvalitet. Regionplanen bygger ikke på vejledningens retningslinier f
Naturstyrelsens vejledning om vandkvalitet og tilsyn med vandforsyningsanlæg,11,Vandforsyningsloven,mfkn,"…igger særlige forhold, som gør at taksterne ikke med rimelighed kan anvendes.</p> <p>I afsnit 5.3 i Naturstyrelsens vejledning om vandkvalitet og tilsyn med vandforsyningsanlæg <sup> <a id=""footnote-"
Grødeskæring i danske vandløn,11,Vandløbsloven,mfkn,"…<a href=""#footnote-ref-32""> ↑ </a></p> </li> <li id=""footnote-33""> <p>Miljøstyrelsens Vejledning om grødeskæring i danske vandløn, vejledning nr. 25, december 2017. <a href=""#footnote-ref-33""> ↑ </a>"
Miljøstyrelsen vejledning om grødeskæring,11,Vandløbsloven,mfkn,"…etre og den samlede tilstand i de målsatte vandløb.</p> <p>Nævnet kan her i særdeleshed henvise til Miljøstyrelsen vejledning om grødeskæring <sup> <a id=""footnote-ref-33"" href=""#footnote-33""> [32] <"
Vejledning nr. 9320 af 31. marts 2017,10,PKN | Vandforsyningsloven,mfkn + pkn,"…ndforsyninger uden for disse. <a href=""#footnote-ref-13""> ↑ </a></p> </li> <li id=""footnote-14""> <p>Vejledning nr. 9320 af 31. marts 2017 om krav til kommuneplanlægning inden for områder med særlige "
Lov om kystbeskyttelse,10,Kystbeskyttelsesloven | NBL - øvrige,mfkn,"…ttelsesanl&aelig;gget, og har til st&oslash;tte herfor henvist til Kystdirektoratets vejledning til lov om kystbeskyttelse fra 2009.<a href=""#_ftn6"" name=""_ftnref6"" style=""color:blue; text-decoration"
Vejledning nr. 10576 af 20. februar 2006,10,Landbrugsloven | NBL - beskyttede naturtyper,mfkn,"…rm af gr&aelig;sning eller h&oslash;sl&aelig;t.</p>  <p style=""margin-left:0cm; margin-right:0cm"">I vejledning nr. 10576 af 20. februar 2006 om reglerne om jordressourcens anvendelse til dyrkning og "
Vejledning nr. 11058 af 1. januar 1999,10,Miljøbeskyttelsesloven,mfkn,"…senere &aelig;ndringer. <a href=""#152726703352110-footnote-ref-6""> &uarr; </a></p> 	</li> 	<li> 	<p>Vejledning nr. 11058 af 1. januar 1999 til bekendtg&oslash;relse om spildevandstilladelser m.v. eft"
Erhvervsstyrelsens vejledning,9,Miljøvurdering af planer og programmer | PKN,mfkn + pkn,"…ur. Hytten har tidliger tjent dette form&aring;l og klageren p&aring;peger, at det fremg&aring;r af Erhvervsstyrelsens vejledning i landzoneadministration af november 2019, at en hidtidig udnyttelse "
Støj fra motorsportsbaner,9,Miljøbeskyttelsesloven | Miljøvurdering af konkrete projekter | PKN,mfkn + pkn,"…jgrænseværdier, som kommunen henviser til i landzonetilladelsen, er de vejledende grænseværdier for støj fra motorsportsbaner, der fremgår af Miljøstyrelsens vejledning om støj fra motorsportsbaner, "
Vejledning nr. 9392 af 1. maj 2007,9,Museumsloven | NBL - beskyttede naturtyper | NBL - øvrige | PKN,mfkn + pkn,"…elig;vnets pligt til at tage stilling til hjemmelssp&oslash;rgsm&aring;let har klageren henvist til vejledning nr. 9392 af 1. maj 2007 om h&aring;ndh&aelig;velse af naturbeskyttelsesloven, planloven "
Afgørelsen,9,NBL - beskyttelseslinier | NBL - øvrige | PKN | Skovloven | Vandforsyningsloven,mfkn + pkn,"…pensation til opsætning af markise på [adresse1].</p> <p>Planklagenævnet har modtaget en klage over afgørelsen.</p> <p>Planklagenævnet afviser at behandle klagen, da klagefristen er overskredet.</p> "
Reglerne,9,Dyresundhed og –velfærd | Fødevarer | Landbrugsstøtte,mfkn,"…plyst, at klager herefter har kontaktet afdelingen for dyretransport i lufthavnen for vejledning om reglerne, samt en dyrl&aelig;ge og en dansk hundetransport&oslash;r, hvorefter klager har f&aring;e"
Vejledning nr. 9965 af 8. november 2019,9,Fødevarer,mfkn,"…vareklagen&aelig;vnet.</p></div><div id=""ftn4""><p><a href=""#_ftnref4"" name=""_ftn4"" title="""">[4]</a> Vejledning nr. 9965 af 8. november 2019 om kosttilskud.</p></div>…"
Vejledning nr. 9007 af 9. januar 2015,9,Fødevarer,mfkn,"…div> <p style=""margin-left:0cm; margin-right:0cm""><a href=""#_ftnref5"" name=""_ftn5"" title="""">[5]</a> Vejledning nr. 9007 af 9. januar 2015 om autorisation og registrering af f&oslash;devarevirksomhede"
Miljøstyrelsens vejledning om godkendelse af listevirksomheder,9,Miljøbeskyttelsesloven,mfkn,"…ften eller foretagelse af bestemte aktiviteter.</p> <p>Følgende fremgår blandt andet af Kapitel 8 i Miljøstyrelsens vejledning om godkendelse af listevirksomheder6, der vedrører behandling af ansøgni"
Vejledning nr. 9076 af 26. marts 2008,9,Miljøbeskyttelsesloven,mfkn,"…<p>Nævnet henviser i forhold til vilkårene om medicin og hjælpestoffer i øvrigt til Miljøstyrelsens vejledning nr. 9076 af 26. marts 2008 (3/2008), Miljøklagenævnets afgørelse af 26. marts 2008 om [b"
Vejledning nr. 9243 af 21. maj 2010,9,Vandforsyningsloven,mfkn,"…ns drikkevand. Kommunen henviser i afgørelsen til punkt 10 (den citerede tekst vedrører punkt 11) i vejledning nr. 9243 af 21. maj 20103, om overskridelser af de mikrobiologiske drikkevandsparametre,"
Byggeklageenheden,8,PKN,pkn,"…ar givet byggetilladelse til byggeriet. Kommunen gav i den forbindelse klageren klagevejledning til Byggeklageenheden.</p><p>Planklagen&aelig;vnet finder, at det m&aring; l&aelig;gges til grund, at k"
Vejledning nr. 9094 af 21. februar 2024,8,Miljøvurdering af konkrete projekter | Miljøvurdering af planer og programmer | PKN,mfkn + pkn,"…rkninger til &sect; 11 a, stk. 1, nr. 2.</p><p><a href=""#_ftnref20"" name=""_ftn20"" title="""">[20]</a> Vejledning nr. 9094 af 21. februar 2024 om milj&oslash;vurdering af planer og programmer og af konk"
Vejledning nr. 9296 af 22. maj 2009,8,Miljøvurdering af konkrete projekter | PKN | Øvrige lovområder,mfkn + pkn,"…&oslash;relse nr. 1590. <a href=""#footnote-ref-10"">&nbsp;&uarr;</a></p></li><li id=""footnote-11""><p>Vejledning nr. 9296 af 22. maj 2009 om planl&aelig;gning for og landzonetilladelse til opstilling a"
Håndbog om miljø og planlægning,8,Miljøbeskyttelsesloven | Miljøvurdering af konkrete projekter | PKN,mfkn + pkn,"…e B blev udlagt til erhverv i miljøklasse 1-3. Klageren henviste bl.a. til de vejledende afstande i Håndbog om miljø og planlægning, støj, indbliksgener, trafik og ændringer af værdien af ejendomme l"
Lov om aktindsigt i miljøoplysninger,8,Aktindsigt,mfkn,"…tningsloven). <a href=""#footnote-ref-6""> ↑ </a></p> </li> <li id=""footnote-7""> <p>Se Vejledning til lov om aktindsigt i miljøoplysninger, Vejledning fra Miljøstyrelsen nr. 3, 2006, side 21. <a href="""
Vejledning nr. 9904 af 21. oktober 2019,8,Fødevarer,mfkn,"…af 14. december 2012.</p></div><div id=""ftn5""><p><a href=""#_ftnref5"" name=""_ftn5"" title="""">[5]</a> Vejledning nr. 9904 af 21. oktober 2019 om ern&aelig;rings- og sundhedsanprisninger.</p></div>…"
Gødsknings- og harmoniregler,8,Husdyrbrugloven,mfkn,"…nhængende periode på minimum 12 måneder, jf. kriterierne herfor i Landbrugsstyrelsens vejledning om gødsknings- og harmoniregler.</p> <p>Hvis der anvendes hjemmeblandet foder skal der udarbejdes en b"
"Miljøstyrelsens vejledning om godkendelse af husdyrbrug, der svarer til de almindeligt gæl",8,Husdyrbrugloven,mfkn,"…ld til de 20 % beskrevet i ansøgningen. Endelig er det beklageligt, at der ikke stilles krav om, at Miljøstyrelsens vejledende emissionsgrænseværdier skal overholdes, idet DN ikke finder, at en merem"
Slagtepræmie for kvier,8,Landbrugsstøtte,mfkn,"…041888822016/Vejledning_om_Slagtepraemie_for_kvier_tyre_og_stude.pdf"" title=""Link til vejledning om slagtepræmie for kvier, tyre og stude 2023"">https://lbst.dk/Media/638460041888822016/Vejledning_om_"
Miljøstyrelsens vejledning om støj fra virksomheder,8,Miljøbeskyttelsesloven,mfkn,"…menter (ikke motoriserede) anvendes virksomhedens højttalersystem. Lyden herfra vil kunne overholde Miljøstyrelsens vejledende støjgrænser i naboområder, såfremt det stationære støjmålesystem registr"
Vindmøllecirkulæret,8,Miljøvurdering af konkrete projekter | Øvrige lovområder,mfkn,"…foretaget beregninger af skyggepåvirkningen med WindPRO 2.7 efter retningslinjer i vejledningen til vindmøllecirkulæret, og at der således er foretaget en beregning af den værst tænkelige situation, "
Vandkvalitet og tilsyn med vandforsyningsanlæg,8,Vandforsyningsloven,mfkn,"…lsen anbefalede, at kommunerne fulgte strategien omkring rensning fra Miljøstyrelsens vejledning om vandkvalitet og tilsyn med vandforsyningsanlæg, vejledning nr. 3, 2005.</p> <p>Det fremgår bl.a., a"
Bygningsreglementet,7,NBL - fredningsområdet | PKN,mfkn + pkn,"…stemmelser om bebyggelsesprocent, skal beregningen som udgangspunkt ske efter de beregningsregler i bygningsreglementet, der var g&aelig;ldende p&aring; tidspunktet for vedtagelsen af lokalplanen.</s"
Vejdirektoratet,7,Miljøvurdering af konkrete projekter | PKN,mfkn + pkn,"…er truffet med hjemmel i vejlovens &sect; 49. Afg&oslash;relsen var vedlagt en klagevejledning til Vejdirektoratet.</span></p>  <p style=""margin-left:0cm; margin-right:0cm"">&nbsp;</p>  <h2 style=""mar"
Klageadgang,7,Aktindsigt | Fødevarer | Kystbeskyttelsesloven | Miljøbeskyttelsesloven | NBL - øvrige,mfkn,"…lash;r af milj&oslash;oplysningsloven, og at afg&oslash;relsen fremsendes med korrekt vejledning om klageadgang.</p>  <p style=""margin-left:0cm; margin-right:0cm"">&nbsp;</p>  <h2 style=""margin-left:0"
Beregning af klagefrister,7,Fødevarer | Krydsoverensstemmelse og konditionalitet | Landbrugsstøtte | Miljøvurdering af konkrete projekter,mfkn,"…ag, at klagefristen forlænges til den først følgende hverdag, jf. Justitsministeriets vejledning om beregning af klagefrister. <sup> <a id=""footnote-ref-3"" href=""#footnote-3""> [3] </a> </sup></p> <h3"
Hvornår et landbrug har en væsentlig påvirkning af et habitatområde,7,Husdyrbrugloven,mfkn,"…a. den udstrakte opblanding af vandet i fjorden.</p> <p>I henhold til miljøstyrelsens vejledning om hvornår et landbrug har en væsentlig påvirkning af et habitatområde, skal der i vurderingen alene i"
Udbetaling af tilskud,7,Landbrugsstøtte | Projektstøtte,mfkn,"…d sit tilsagn om &oslash;kologisk arealtilskud, og at klager derfor ikke efterspurgte vejledning om udbetaling af tilskud. P&aring; den baggrund finder n&aelig;vnet, at styrelsen har ydet korrekt vej"
Vejledning nr. 60304 af 1. januar 1993,7,Miljøbeskyttelsesloven,mfkn,"…else fra bestående virksomheder:</p> <dl class=""small""><dd> <sup><a id=""footnote6"">&nbsp;</a>6</sup>Vejledning nr. 60304 af 1. januar 1993.</dd></dl> <p>""[...]</p> <p>at godkendelsesmyndigheden på ba"
"Miljøstyrelsens vejledning om beregning af ekstern støj fra virksomheder, s",7,Miljøbeskyttelsesloven,mfkn,"…r Miljø meddeler forbud mod fortsat arbejde.</p> <p>Støjniveauer beregnes og vurderes i henhold til Miljøstyrelsens vejledning nr. 5/1984 ""Ekstern støj fra virksomheder"".</p> <p>         Påbuddet med"
Ekstern støj fra virksomheder nr,7,Miljøbeskyttelsesloven,mfkn,"…03, er en frekvensanalyse og ikke en Leq-måling.</p> <p>I henhold til Miljøstyrelsens vejledning om ekstern støj fra virksomheder nr. 5/1984 og nr. 3 /1986, må virksomhedens bidrag til det ækvivalent"
Adgangsreglerne,7,NBL - øvrige,mfkn,"…. 5. Kommunen har videre henvist til, at det fremg&aring;r af Milj&oslash;styrelsens vejledning til adgangsreglerne, at skovejere har ret til at oml&aelig;gge skoves interne vejsystemer, s&aring; l&a"
Håndtering af overskridelser af de mikrobiologiske drikkevandsparametre,7,Vandforsyningsloven,mfkn,…enest i 2017 og 2018 med hhv. 23 og 4 bakterier pr. 100 ml.</p> <p>Af Naturstyrelsens vejledning om håndtering af overskridelser af de mikrobiologiske drikkevandsparametre fra marts 2013 <sup> <a id=
Den del af retstilstanden og myndighedens egen praksis,6,PKN,pkn,"…eller myndighedsinhabilitet. Vejledningen m&aring; dog ikke g&aring; ud over generel vejledning om den del af retstilstanden og myndighedens egen praksis, som m&aring;tte v&aelig;re relevant i en giv"
Klageren har således ikke betydning for,6,PKN,pkn,"…vejledning, idet klageren ikke er part i sagen, jf. afsnit 2.2.1. Den manglende klagevejledning til klageren har således ikke betydning for, hvornår klagefristen begyndte at løbe.</p> <p>Det vil sige"
Miljøvurdering af planer og programmer,6,Miljøvurdering af konkrete projekter | PKN,mfkn + pkn,"…de klagesager i Planklagenævnet om kommunens vedtagelse af planstrategi for udviklingsområdet og om miljøvurdering af planstrategien afsluttes med, at klagenævnet opretholder planstrategien. Udpegnin"
Vejledning nr. 10564 af 14. juni 2006,6,Aktindsigt,mfkn,"…3ff. <a href=""#footnote-ref-10"" style=""color:blue; text-decoration:underline"">&uarr; </a></li> 	<li>Vejledning nr. 10564 af 14. juni 2006 til lov om aktindsigt i milj&oslash;oplysninger, pkt. 2.3.1.6"
Kontrolfrekvenser m,6,Foder | Fødevarer,mfkn,"…Noter:</h2><dl class=""small""><dd><sup><a id=""footnote1""> </a>1</sup>Bilag 1 til Vejledning om kontrolfrekvenser m.v. på foderområdet 2014 af 17. marts 2014 (fvst.dk).</dd></dl><dl class=""small""><dd><"
Vejledning nr. 9700 af 24. juli 2025,6,Fødevarer,mfkn,"…vedr&oslash;rende f&oslash;devaresikkerhed.</p><p><a href=""#_ftnref5"" name=""_ftn5"" title="""">[5]</a> Vejledning nr. 9700 af 24. juli 2025 om f&oslash;devarehygiejne.</p>…"
De kontrollerede virksomheder,6,Fødevarer,mfkn,"…isvisende information, fejlagtige kontrolrapporter, samt modstridende vejledning og information til de kontrollerede virksomheder. Klager har bem&aelig;rket, at dette har medf&oslash;rt sure smileys "
Vejledning nr. 9372 af 28. maj 2018,6,Fødevarer,mfkn,"…div> <p style=""margin-left:0cm; margin-right:0cm""><a href=""#_ftnref5"" name=""_ftn5"" title="""">[5]</a> Vejledning nr. 9372 af 28. maj 2018 om ern&aelig;rings- og sundhedsanprisninger.</p> </div> </div>…"
Mærkning af fødevarer,6,Fødevarer,mfkn,"…evareklagenævnet. <a href=""#footnote-ref-3""> ↑ </a></p> </li> <li id=""footnote-4""> <p>Vejledning om mærkning af fødevarer, maj 2018. <a href=""#footnote-ref-4""> ↑ </a></p> </li> </ol>…"
Mærkning af oksekød,6,Fødevarer,mfkn,"…18 med høringsfrist den 19. februar 2018. Høringsmaterialet omfatter et udkast til ny vejledning om mærkning af oksekød.</p> <p>Det fremgår endvidere af høringsmaterialet, at vejledningen skal erstat"
Miljøstyrelsens vejledning om støj,6,Husdyrbrugloven | Miljøbeskyttelsesloven | Råstofloven,mfkn,…lt. Ved en konkret klage vil kommunen dog foretage en vejledende støjmåling og vurdere denne ud fra Miljøstyrelsens vejledning om støj.</p> <p>For så vidt angår klagepunktet om støv har Skanderborg K
Store olieoplag,6,Miljøbeskyttelsesloven,mfkn,"…en vurderer desuden, at virksomheden i vid udstr&aelig;kning lever op til kravene i vejledningen om store olieoplag.<a href=""#_ftn6"" name=""_ftnref6"" style=""color:blue; text-decoration:underline;"" tit"
Miljøstyrelsens vejledning om ekstern støj fra virksomheder nr,6,Miljøbeskyttelsesloven,mfkn,"…undheds Tjenesten, Thy, Mors og Salling. De foretagne støjmålinger viste markante overskridelser af Miljøstyrelsens vejledende grænseværdier.</p> <p>Efter klage fra Bodil og Eigild Jensen blev der i "
Affaldsdeponering,6,Miljøbeskyttelsesloven,mfkn,"…hvor der blev deponeret i etape 1 og 2, skønnes det, at dagrenovation udgør ca. 30 % af den årlige affaldsdeponering. 20-30 % skønnes at være industri- og erhvervsaffald, ca. 15 % storskrald og 15-20"
Adgangsregler,6,NBL - øvrige,mfkn,"…til ogs&aring; af Styrelsen for Gr&oslash;n Arealoml&aelig;gning og Vandmilj&oslash;s vejledning om adgangsregler, at reglen i den tidligere naturfredningslovs &sect; 54, stk. 5, om, at der lovligt k"
Tilskud til skolefrugt,6,Projektstøtte,mfkn,"…12, stk. 2 og stk. 3, &sect; 13, stk. 1, nr. 3, og &sect; 17, stk. 3, nr. 4, samt til Vejledning om tilskud til skolefrugt, gr&oslash;nt og m&aelig;lk Skole&aring;ret 2018/2019. Klager p&aring;klaged"
Tilskudsordningen,6,Projektstøtte | Skovloven,mfkn,"…r foretaget i projektet.</p> <p>Herefter har klager henvist til, at det fremgår af vejledningen til tilskudsordningen, <sup> <a id=""footnote-ref-3"" href=""#footnote-3""> [3] </a> </sup> at ansøgningern"
Vejledning nr. 187 af 14. november 1996,5,PKN,pkn,"…er til &sect; 5 b.</p></div><div id=""ftn27""><p><a href=""#_ftnref27"" name=""_ftn27"" title="""">[27]</a> Vejledning nr. 187 af 14. november 1996 om planloven, afsnit IV, B, 4.</p></div><div id=""ftn28""><p>"
Faunapassager,5,Miljøvurdering af konkrete projekter | NBL - beskyttelseslinier | PKN,mfkn + pkn,…ing; tv&aelig;rs af Boller Enge etableres en faunapassage under vejanl&aelig;gget ved kysten. Disse faunapassager er n&aelig;rmere beskrevet i afsnit 5 om afv&aelig;rgeforanstaltninger bagest i rappo
Vejdirektoratets vejledning,5,PKN,pkn,…passagen laves som en underf&oslash;ring af typen A2 m&aring;lrettet r&aring;dyr og mindre dyr (jf. Vejdirektoratets vejledning). En A2-underf&oslash;ring har de anbefalede mindstem&aring;l; h&oslash
Kunstgræsbaner,5,Miljøbeskyttelsesloven | PKN | Øvrige lovområder,mfkn + pkn,"…re væsentlige. Klagerne henviser i den forbindelse til Miljø- og Fødevareministeriets vejledning om kunstgræsbaner, som oplyser om, hvilke lysgener naboer kan opleve.</p> <p>Klagerne anfører desuden,"
Statsforvaltningen,5,Aktindsigt | PKN,mfkn + pkn,"…e1], fra 1 bolig med 5 klubværelser til 2-familiehus. Afgørelsen var vedlagt en klagevejledning til Statsforvaltningen.</p> <h3>2.2. Klagen og forløbet herefter</h3> <p>Klageren har den 4. januar 201"
Vejledning nr. 11687 af 3. november 1986,5,Aktindsigt,mfkn,"…n-left:0cm; margin-right:0cm""><a href=""#_ftnref6"" name=""_ftn6"" title="""">[6]</a> Justitsministeriets vejledning nr. 11687 af 3. november 1986 om lov om offentlighed i forvaltningen, pkt. 42.</p> </div"
Sagsbehandling vedrørende overskridelse af grænseværdier for antibiotikaforbrug,5,Dyresundhed og –velfærd,mfkn,"…er tale om en medicinsk sanering. Herom har Fødevarestyrelsen henvist til side 12 i vejledning til sagsbehandling vedrørende overskridelse af grænseværdier for antibiotikaforbrug, version 2.7. Styrel"
Vejledning nr. 9853 af 7. september 2017,5,Fødevarer,mfkn,"…Miljø- og Fødevareklagenævnet. <a href=""#footnote-ref-3""> ↑ </a></p> </li> <li id=""footnote-4""> <p>Vejledning nr. 9853 af 7. september 2017 om mikrobiologiske kriterier for fødevarer. <a href=""#footn"
Indretning m,5,Fødevarer,mfkn,"…blev drøftet.</p><p>I jeres klage skriver I, at der i henhold til Fødevarestyrelsens vejledning om indretning m.v. af køkkener i leve- og bomiljøer skal tages hensyn både til fødevaresikkerhed og det"
De regler,5,Fødevarer | Landbrugsstøtte,mfkn,"…enteres.</p><p>         Fødevarestyrelsens hjemmeside indeholder en ganske omfattende vejledning om de regler, der gælder for jeres egenkontrol<sup>6</sup>, og styrelsen har oplyst jer om, hvor I kan"
Vejledning nr. 9175 af 20. maj 2008,5,Fødevarer,mfkn,"…/p><h2>Noter</h2><dl class=""small""><dd><sup><a id=""footnote1""> </a>1</sup>Kapitel III, 2. afsnit, i vejledning nr. 9175 af 20. maj 2008 om anprisningsforordningen.</dd></dl><dl class=""small""><dd><sup"
Vejledning nr. 9326 af 19. juli 2010,5,Fødevarer,mfkn,"…/dd></dl><dl class=""small""><dd><sup><a id=""footnote6""> </a>6</sup>Fødevarestyrelsens kontrolfrekvensvejledning nr. 9326 af 19. juli 2010, afsnit 3.2</dd></dl><dl class=""small""><dd><sup><a id=""footnot"
Vejledning nr. 10188 af 24. juni 2009,5,Husdyrbrugloven | NBL - beskyttede naturtyper,mfkn,"…urtyper6 fremgår bl.a. følgende:</p> <dl class=""small""><dd> <sup><a id=""footnote6"">&nbsp;</a>6</sup>Vejledning nr. 10188 af 24. juni 2009.</dd></dl> <p><strong>""Dyrkning af afgrøder og omlæg</strong>"
Lov om miljøgodkendelse m,5,Husdyrbrugloven,mfkn,"…ass=""c3"">         <a name=""_Toc183408765"">Afgørelse</a>       </h2>        <p>         efter § 12 i lov om miljøgodkendelse mv. af husdyrbrug (husdyrbrugloven, lov nr. 1572 af 20. december 2006).    "
Oprydning af benzin- og olieforurenede grunde,5,Jordforureningsloven,mfkn,…kastet til den senere vejledning 6/1998 blev udsendt i høring samtidig med udkast til vejledning om oprydning af benzin- og olieforurenede grunde. Denne vejledning skulle også omfatte forurening fra 
Grund for,5,Krydsoverensstemmelse og konditionalitet,mfkn,"…&oslash;lge afg&oslash;relsen lagt kontrolmyndighedens og styrelsens egne tidligere vurderinger til grund for vurderingen af, at klager fors&aelig;tligt har overtr&aring;dt krydsoverensstemmelseskrav"
Grundbetaling,5,Landbrugsstøtte,mfkn,"…et afg&oslash;relse efter &sect; 6, stk. 1, i bekendtg&oslash;relse nr. 1426 af 1. december 2023 om grundbetaling m.v. til landbrugere for 2024 jf. &sect; 27 stk. 1, i CAP-loven.<a href=""#_ftn1"" name"
Vejledning nr. 9568 af 30. juni 2019,5,Miljøbeskyttelsesloven,mfkn,"…j&oslash;beskyttelseslovens kapitel 3 og 4.</p><p><a href=""#_ftnref7"" name=""_ftn7"" title="""">[7]</a> Vejledning nr. 9568 af 30. juni 2019 til bekendtg&oslash;relse om spildevandstilladelser m.v. efter"
Støj fra virksomheder,5,Miljøbeskyttelsesloven,mfkn,"…ninger fra Miljøstyrelsen, pt. nr. 6/1984, måling af ekstern støj, nr. 5/1993, beregning af ekstern støj fra virksomheder. </em></p> <p><em> Beregningerne og forudsætningerne for beregningerne skal i"
Beregning af ekstern støj fra virksomheder fremgår,5,Miljøbeskyttelsesloven,mfkn,"…den nordiske beregningsmetode for ekstern støj fra virksomheder, jf. Miljøstyrelsens vejledning om beregning af ekstern støj fra virksomheder10.</p> <dl class=""small""><dd> <sup><a id=""footnote10"">&nb"
"Miljøstyrelsens vejledning om beregning af ekstern støj fra virksomheder fremgår, s",5,Miljøbeskyttelsesloven,mfkn,"…r Miljø meddeler forbud mod fortsat arbejde.</p> <p>Støjniveauer beregnes og vurderes i henhold til Miljøstyrelsens vejledning nr. 5/1984 ""Ekstern støj fra virksomheder"".</p> <p>         Påbuddet med"
Håndbog om Miljø og Planlægning - boliger og erhverv i byerne,5,Miljøbeskyttelsesloven | Miljøvurdering af konkrete projekter,mfkn,"…</p> <p>En klager finder, at etableringen af virksomheden, som er klassificeret som miljøklasse 6 i Håndbog om Miljø og Planlægning9, ikke overholder afstandskravet i håndbogen.</p> <dl class=""small"""
Støj fra vindmøller,5,Miljøvurdering af konkrete projekter,mfkn,"…nærliggende vindmøllepark Blindkilde. Der er ifølge klager ikke foretaget målinger af den faktiske støj fra vindmøllerne ved Blindkilde, men støjbidraget er baseret på et støjkatalog fra 2014 med for"
Vejledning nr. 9664 af 18. juni 2006,5,Miljøvurdering af konkrete projekter | Miljøvurdering af planer og programmer,mfkn,"…p>NMK-33-04009 og NMK-41-00572. <a href=""#footnote-ref-4""> ↑ </a></p> </li> <li id=""footnote-5""> <p>Vejledning nr. 9664 af 18. juni 2006 om miljøvurdering af planer og programmer. <a href=""#footnote-"
Reglerne om jordressourcernes anvendelse til dyrkning og natur,5,NBL - beskyttede naturtyper | NBL - øvrige,mfkn,"…ikke blev anmeldt til kommunen. Klager har i den forbindelse henvist til, at der i vejledningen om reglerne om jordressourcens anvendelse til dyrkning og natur intet st&aring;r om, at det skal anmeld"
Bygge- og beskyttelseslinjer,5,NBL - beskyttelseslinier,mfkn,"…&oslash;- og F&oslash;devareklagen&aelig;vnets sagsnr. NMK-502-00023 og 20/09943 samt Vejledning om bygge- og beskyttelseslinjer, naturbeskyttelseslovens &sect;&sect; 16-19. Milj&oslash;styrelsen. De"
Vejledning nr. 9044 af 27. januar 2017,5,Projektstøtte,mfkn,"…vareklagen&aelig;vnet.</p></div><div id=""ftn4""><p><a href=""#_ftnref4"" name=""_ftn4"" title="""">[4]</a> Vejledning nr. 9044 af 27. januar 2017 om tilskud til investeringer p&aring; fiskerfart&oslash;jer "
Landbrugsstyrelsens vejledning,5,Projektstøtte,mfkn,"…rgin-left:0cm; margin-right:0cm"">Milj&oslash;- og F&oslash;devareklagen&aelig;vnet stadf&aelig;ster Landbrugsstyrelsens afg&oslash;relse af 14. juli 2022 om delvist afslag p&aring; slutudbetaling til"
Tilsagn til landskabs- og biotopforbedrende beplantninger,5,Projektstøtte,mfkn,"…ftn5"" title=""""><span style=""color:#000000"">[5]</span></a><span style=""color:#000000""> Vejledning om tilsagn til landskabs- og biotopforbedrende beplantninger, marts 2015.</span></p> </div> </div>…"
Naturstyrelsens vejledning om vandkvalitet og tilsyn med vandforsyningsanl,5,Vandforsyningsloven,mfkn,"…<p style=""margin-left:0cm; margin-right:0cm"">Endvidere har klager med henvisning til afsnit 5.3.3 i Naturstyrelsens vejledning<a href=""#_ftn8"" name=""_ftnref8"" style=""color:blue; text-decoration:under"
Glamping,4,PKN,pkn,"…;relse om Bornholms Regionskommunes afg&oslash;relse om landzonetilladelse til ops&aelig;tning af 4 glampingtelte p&aring; ejendommen [A1], 3751 &Oslash;stermarie, matr.nr. [M1].</p><p>&nbsp;</p><p>E"
Vejledning nr. 50 af 24. juni 2011,4,PKN,pkn,"…nref1"" name=""_ftn1"" title=""""><span style=""color:#000000"">[1]</span></a><span style=""color:#000000""> Vejledning nr. 50 af 24. juni 2011 om administration af transportkorridorerne i hovedstadsomr&aring"
Vejledning nr. 9281 af 27. marts 2019,4,PKN,pkn,"…ext-decoration:underline"" title=""""><span style=""color:null"">[7]</span></a><span style=""color:null""> Vejledning nr. 9281 af 27. marts 2019 til bekendtg&oslash;relse om hovedstadsomr&aring;dets planl&a"
Vejledning nr. 10149 af 3. september 2012,4,NBL - beskyttede naturtyper | PKN,mfkn + pkn,"…=""#_ftnref5"" name=""_ftn5"" title=""""><span style=""color:null"">[5]</span></a><span style=""color:null""> Vejledning nr. 10149 af 3. september 2012 om administration af r&aring;stofloven. </span></p> </div"
Planlægning for og tilladelse til opstilling af vindmøller pkt,4,PKN,pkn,"…er tages hensyn til skyggekast fra vindmøllens vinger i forhold til nabobeboelse, jf. vejledning om planlægning for og tilladelse til opstilling af vindmøller pkt. 4.4.3. Generne bør vurderes både i "
Produktions-,4,PKN,pkn,"…&oslash;lsom anvendelse&rdquo;. Det fremg&aring;r af Plan- og Landdistriktsstyrelsens vejledning om produktions-, transport- og logistikvirksomheder i kommune- og lokalplanl&aelig;gningen, at en anve"
Vejledning nr. 9317 af 26. januar 2022,4,Miljøvurdering af konkrete projekter | PKN,mfkn + pkn,"…vindm&oslash;ller.</p></div><div id=""ftn33""><p><a href=""#_ftnref33"" name=""_ftn33"" title="""">[33]</a> Vejledning nr. 9317 af 26. januar 2022 om planl&aelig;gning for og tilladelse til opstilling af vin"
Hegning langs veje,4,Miljøvurdering af konkrete projekter | NBL - øvrige | PKN,mfkn + pkn,"…ejen for at forhindre odder i at krydse op over vejen. If&oslash;lge Vejdirektoratets vejledning om hegning langs veje, skal hegnet have en h&oslash;jde p&aring; mindst 140 cm og en maskevidde p&arin"
Vejledning nr. 9925 af 11. november 2020,4,Miljøvurdering af konkrete projekter | PKN,mfkn + pkn,"…tion:underline"" title=""""><span style=""color:#000000"">[18]</span></a><span style=""color:#000000""> <u>Vejledning nr. 9925 af 11. november 2020 til bekendtg&oslash;relse nr. 1595 af 6. december 2018 om "
Erhvervsstyrelsens vejledning om produktionsvirksomheder i kommune- og lokalplanl,4,PKN,pkn,"…yle=""margin-left:0cm; margin-right:0cm"">&nbsp;</p>  <p style=""margin-left:0cm; margin-right:0cm"">Af Erhvervsstyrelsens vejledning om produktionsvirksomheder i kommune- og lokalplanl&aelig;gningen fre"
Kommuneplanlægning,4,PKN,pkn,"…ørelsesportalen på https://pkn.naevneneshus.dk/ . ↑</p> </li> <li id=""footnote-6""> <p>Vejledning om kommuneplanlægning, maj 2008. ↑</p> </li> <li id=""footnote-7""> <p>Lov nr. 1658 af 20. december 2016"
Vejledning nr. 9847 af 19. december 2013,4,Aktindsigt | PKN,mfkn + pkn,"…anlægning med senere ændringer. <a href=""#footnote-ref-1""> ↑ </a></p> </li> <li id=""footnote-2""> <p>Vejledning nr. 9847 af 19. december 2013 om lov om offentlighed i forvaltningen, pkt. 14. <a href="""
Sagsbehandling vedr,4,Dyresundhed og –velfærd,mfkn,"…ct;&sect; 4-8.</p>  <p style=""margin-left:0cm; margin-right:0cm"">Det fremg&aring;r af Vejledning om sagsbehandling vedr. overskridelse af gr&aelig;nsev&aelig;rdier for antibiotikaforbrug til grise, a"
Vejledning nr. 145 af 21. december 2006,4,Dyresundhed og –velfærd,mfkn,"…div> <p style=""margin-left:0cm; margin-right:0cm""><a href=""#_ftnref5"" name=""_ftn5"" title="""">[5]</a> Vejledning nr. 145 af 21. december 2006 om R&aring;dets forordning (EF) nr. 1/2005 af 22. december "
Forholdet,4,Dyresundhed og –velfærd | Fødevarer | Projektstøtte,mfkn,"…et til at ligge på knæ og strække hovedet langt for at kunne nå foderet. Styrelsen har vurderet, at forholdet havde stået på i længere tid, idet kvierne havde kager af møg på knæene og nogle havde mi"
Udarbejdelse af administrative forskrifter,4,Dyresundhed og –velfærd | Fiskeri,mfkn,"…til forarbejderne til dyreværnslovens § 1, § 2 og § 12, pkt. 65 i Justitsministeriets vejledning om udarbejdelse af administrative forskrifter, <sup> <a id=""footnote-ref-4"" href=""#footnote-4""> [4] </"
Økologisk jordbrugsproduktion,4,Dyresundhed og –velfærd | Husdyrbrugloven | Projektstøtte,mfkn,"…evareklagenævnet. <a href=""#footnote-ref-4""> ↑ </a></p> </li> <li id=""footnote-5""> <p>Vejledning om økologisk jordbrugsproduktion, februar 2019. <a href=""#footnote-ref-5""> ↑ </a></p> </li> <li id=""fo"
Risikovurdering for halebid og om tildeling af beskæftigelses- og rodemateriale,4,Dyresundhed og –velfærd,mfkn,"…gerne af 22. maj 2019. Derudover har klager henvist til side 17 i Fødevarestyrelsens vejledning [om risikovurdering for halebid og om tildeling af beskæftigelses- og rodemateriale], hvorefter der ska"
Dokumentation af kontrol på veterinærområdet,4,Dyresundhed og –velfærd,mfkn,…juni 2014 på en række punkter ikke overholder Fødevarestyrelsens interne sagsbehandlervejledning om dokumentation af kontrol på veterinærområdet.<sup>15</sup>           Klagecentret er uforstående ov
Økologiske fødevarer m,4,Fødevarer,mfkn,"…t afgørelse efter § 7, stk. 1, jf. bilag 2, afsnit 1, i bekendtgørelse nr. 48 af 21. januar 2020 om økologiske fødevarer og økologisk akvakultur m.v., jf. økologilovens § 18 a, stk. 1. <sup> <a id=""f"
"Miljøstyrelsens vejledning om afskæringskriterier, er tilstrækkelig for at opfylde vores h",4,Husdyrbrugloven,mfkn,"…er baseret på nitratklasser samt en vurdering af udvikling i dyretryk i de enkelte oplande som jf. Miljøstyrelsens vejledning om afskæringskriterier, er tilstrækkelig for at opfylde vores habitatforp"
Nitrat til overfladevande vurderes det således,4,Husdyrbrugloven,mfkn,"…e end 5 pct. af den samlede nitratudvaskning til H 173. I henhold til Miljøstyrelsens vejledning om nitrat til overfladevande vurderes det således, at projektet i sig selv ikke medfører en skadevirkn"
"Miljøstyrelsens vejledning om nitrat til overfladevande vurderes det således, at projektet",4,Husdyrbrugloven,mfkn,"…eden af husdyrbruget, <u>at</u> udvaskningen til Ketting Nor, der er en brakvandssø, er i strid med Miljøstyrelsens vejledning, <u>at</u> den samlede udvaskning fra arealerne ikke fremgår af miljøgod"
Plantedirektoratets vejledning om gødsknings- og harmoniregler,4,Husdyrbrugloven,mfkn,"…en er overholdt. Der anvendes i afgørelsen følgende formler til beregning af foderkorrektionen, jf. Plantedirektoratets vejledning om gødsknings- og harmoniregler 2005/06 fra Plantedirektoratet:</p> "
Data vedr,4,Husdyrbrugloven,mfkn,"…r nævnet om at redegøre for, i hvilket omfang nævnet i henhold til Miljøstyrelsens vejledning vedr. data vedr. husdyrtryk, har fratrukket/tillagt DE i nævnets beregning af udviklingen af dyretrykket "
Oprydning af benzin- og olieforurenede grunde skulle benyttes,4,Jordforureningsloven,mfkn,…kastet til den senere vejledning 6/1998 blev udsendt i høring samtidig med udkast til vejledning om oprydning af benzin- og olieforurenede grunde. Denne vejledning skulle også omfatte forurening fra 
Kystbeskyttelsesmetoder,4,Kystbeskyttelsesloven,mfkn,"…d til det, de skal im&oslash;deg&aring;.</p><p>Det fremg&aring;r af Kystdirektoratets vejledning om kystbeskyttelsesmetoder, at skr&aring;ningsbeskyttelse vil p&aring;virke naturens frie udfoldelse v"
Rutinespørgsmål,4,Landbrugsstøtte,mfkn,"…juridiske teori og ombudsmandspraksis følger, at myndigheden også har notatpligt ved vejledning om rutinespørgsmål, som eksempelvis gyldighedsperioden på et indrejsevisum til Danmark. <sup> <a id=""fo"
Miljøkrav til store olieoplag,4,Miljøbeskyttelsesloven,mfkn,"…"" href=""#83810905780455-footnote-4""> [4] </a> </sup> samt Miljøstyrelsens vejledning nr. 2/2011 om ”Miljøkrav til store olielagre” og Miljøstyrelsens vejledninger om luftforurening og støj.</p> <p> <"
Godkendelse af listevirksomheder,4,Miljøbeskyttelsesloven,mfkn,"…emte aktiviteter.</p> <p>Følgende fremgår blandt andet af Kapitel 8 i Miljøstyrelsens vejledning om godkendelse af listevirksomheder, der vedrører behandling af ansøgninger om godkendelse fra beståen"
Støj fra flyvepladser,4,Miljøbeskyttelsesloven,mfkn,"…ætningen for beregningsmetoden.</p> <dl class=""small""><dd> <sup><a id=""footnote6"">&nbsp;</a>6</sup>""Støj fra flyvepladser"", vejledning fra Miljøstyrelsen nr. 5, 1994</dd></dl> <p>Kommunen vurderer he"
Miljøstyrelsen vejledning om biologisk bedømmelse af vandløbskvalitet,4,Miljøbeskyttelsesloven,mfkn,"…trøms beliggende tilsynsstationer således, at de kan indgå i forudsætningerne for godkendelsen, jf. Miljøstyrelsen vejledning om biologisk bedømmelse af vandløbskvalitet. I den forbindelse skal amtet"
Krav til udledning af spildevand,4,Miljøbeskyttelsesloven,mfkn,"…sig om klage fra Frederiksborg Amt over, at Miljøstyrelsen har ophævet et af amtet fastsat maksimalkrav til udledning af suspenderet stof fra Hammersholt Renseanlæg.     </p>     <p class=""c2"">      "
Bilag IV-arter er det bl,4,Miljøvurdering af konkrete projekter | Miljøvurdering af planer og programmer,mfkn,"…rasteomr&aring;der.</p>  <p style=""margin-left:0cm; margin-right:0cm"">I Kommissionens vejledning om bilag IV-arter er det bl.a. angivet:<a href=""#_ftn28"" name=""_ftnref28"" style=""color:blue; text-deco"
Naturbeskyttelse,4,NBL - beskyttede naturtyper | NBL - øvrige,mfkn,"<p>Milj&oslash;- og F&oslash;devareklagen&aelig;vnet har truffet afg&oslash;relse efter naturbeskyttelseslovens &sect; 3, stk. 2, nr. 1, jf. &sect; 65, stk. 2, jf. &sect; 78, stk. 1.<a href=""#_ftn1"" n"
Adgangsreglerne er bl,4,NBL - øvrige,mfkn,"…n.<a href=""#_ftn10"" name=""_ftnref10"" title="""">[10]</a></p><p>I Milj&oslash;styrelsens vejledning om adgangsreglerne er bl.a. anf&oslash;rt f&oslash;lgende (afsnit 6.4.1):<a href=""#_ftn11"" name=""_ftnr"
Vejledning nr. 62 af 30. juni 2010,4,Øvrige lovområder,mfkn,"…campingreglementet6:</p> <dl class=""small""><dd> <sup><a id=""footnote6"">&nbsp;</a>6</sup>           Vejledning nr. 62 af 30. juni 2010 om campingreglementet</dd></dl> <p><strong>""4. Tilladelse til cam"
Udbetaling,4,Projektstøtte,mfkn,…Erhvervstyrelsens (nu: Landbrugsstyrelsen) afgørelse af 18. december 2015 om afslag på anmodning om udbetaling af tilskud under ordningen Miljøteknologi 2011 på [adresse1].</p> <p>Miljø- og Fødevarek
Naturstyrelsens vejledning om håndtering af overskridelser af de mikrobiologiske drikkevan,4,Vandforsyningsloven,mfkn,"…iologiske parametre E. coli, senest i 2017 og 2018 med hhv. 23 og 4 bakterier pr. 100 ml.</p> <p>Af Naturstyrelsens vejledning om håndtering af overskridelser af de mikrobiologiske drikkevandsparamet"
Bræmmer langs vandløb,4,Vandløbsloven,mfkn,"…de hegning i fællesregulativet ikke er i overensstemmelse med vandløbsloven § 29 og vejledningen om bræmmer langs vandløb, ligesom bestemmelsen er formuleret som et påbud og at kommunerne i den forbi"
Landzoneadministration skulle tjene skovdriften og ikke f,3,PKN,pkn,"…sig n&oslash;dvendig for en skovbrugsejendom, m&aring; en driftsbygning if&oslash;lge Vejledning om landzoneadministration skulle tjene skovdriften og ikke f.eks. jagt- eller landbrugsm&aelig;ssige f"
Planklagenævnet og Statsforvaltningen,3,PKN,pkn,"…en er en afgørelse, der kan påklages, og det er derfor en fejl, at der er givet klagevejledning til Planklagenævnet og Statsforvaltningen.</p> <h2>3. Planklagenævnets bemærkninger og afgørelse</h2> <"
Bilag IV-arter henvises desuden til forsigtighedsprincippet,3,PKN,pkn,"…&aelig;re st&oslash;rre krav til sikkerhed for effekten heraf.</p><p>EU-Kommissionens vejledning om bilag IV-arter henvises desuden til forsigtighedsprincippet, og det fremg&aring;r, at vurderingen a"
Vejledning nr. 9426 af 2. juli 2020,3,PKN,pkn,"…fritidsform&aring;l m.v. og campering m.v.</p><p><a href=""#_ftnref5"" name=""_ftn5"" title="""">[5]</a> Vejledning nr. 9426 af 2. juli 2020 om campingreglementet, afsnit 1.1.</p><p><a href=""#_ftnref6"" nam"
Vejledning nr. 10202 af 18. januar 2021,3,Miljøvurdering af konkrete projekter | PKN,mfkn + pkn,"…, pr&aelig;mis 36.</p></div><div id=""ftn31""><p><a href=""#_ftnref31"" name=""_ftn31"" title="""">[31]</a> Vejledning nr. 10202 af 18. januar 2021 om st&oslash;j fra vindm&oslash;ller.</p></div><div id=""ftn"
Campingreglementet,3,NBL - beskyttede naturtyper | NBL - beskyttelseslinier | PKN,mfkn + pkn,"…t:0cm""><span style=""color:null"">S&oslash;nderborg Kommune gav den 25. januar 2023 p&aring;bud efter campingreglementet om lovligg&oslash;relse af tr&aelig;terrasser p&aring; en campingplads p&aring; "
Detailhandelsplanlægning s,3,PKN,pkn,"…senere ændringer. <a href=""#footnote-ref-1""> ↑ </a></p> </li> <li id=""footnote-2""> <p>Vejledning om detailhandelsplanlægning s. 10, september 2017, Erhvervsstyrelsen <a href=""#footnote-ref-2""> ↑ </a>"
Udviklingsområder,3,PKN,pkn,"…20. september 2017 vedtaget et tillæg til Vækststrategi 2016-28, Temaplanstrategi for sommerhus- og udviklingsområder i kystnærhedszonen.</p> <p>Planklagenævnet har modtaget en klage over afgørelsen."
Sagsbehandling,3,Dyresundhed og –velfærd,mfkn,"…nsev&aelig;rdierne medf&oslash;rer gult kort, jf. ogs&aring; afsnit 2.6 i styrelsens vejledning for sagsbehandling.<a href=""#_ftn4"" name=""_ftnref4"" title="""">[4]</a> Hertil har styrelsen bem&aelig;rke"
Vejledning nr. 153 af 22. november 1987,3,Dyresundhed og –velfærd | Fiskeri,mfkn,"…""790565381002965-footnote-6""><p>Pkt. 65 i vejledning om udarbejdelse af administrative forskrifter, vejledning nr. 153 af 22. november 1987. <a href=""#790565381002965-footnote-ref-6"">&nbsp;&uarr;</a>"
Registrering,3,Fødevarer,mfkn,"…;devareklagen&aelig;vnet har ikke kompetence til at behandle klagen over den meddelte vejledning om registrering, alternativt udarbejdelse af regnskab efter 1/3-reglen.<br>Det er Milj&oslash;- og F&o"
Vejledning nr. 9703 af 14. oktober 2020,3,Fødevarer,mfkn,"…div> <p style=""margin-left:0cm; margin-right:0cm""><a href=""#_ftnref6"" name=""_ftn6"" title="""">[6]</a> Vejledning nr. 9703 af 14. oktober 2020 til bekendtg&oslash;relse nr. 727 af 29. maj 2020 om ekspor"
Vejledning nr. 9377 af 28. april 2016,3,Fødevarer,mfkn,"…div><p style=""margin-left:0cm; margin-right:0cm;""><a href=""#_ftnref5"" name=""_ftn5"" title="""">[5]</a> Vejledning nr. 9377 af 28. april 2016 om m&aelig;rkning af f&oslash;devarer (nug&aelig;ldende vejle"
Justitsministeriets vejledning om beregning af klagefrister,3,Fødevarer | Landbrugsstøtte,mfkn,"…dløber på en weekend eller helligdag, at klagefristen forlænges til den først følgende hverdag, jf. Justitsministeriets vejledning om beregning af klagefrister. <sup> <a id=""footnote-ref-3"" href=""#fo"
Vejledning nr. 9017 af 14. januar 2013,3,Fødevarer,mfkn,…rlamentets og Rådets forordning (EU) Nr. 1169/2011 af 25. oktober 2011.</p><p><sup>4</sup>          Vejledning nr. 9017 af 14. januar 2013 om mærkning af fødevarer - Januar 2013.</p><p>Side 3</p><p><
Vejledning nr. 9702 af 23. juni 2022,3,Husdyrbrugloven,mfkn,"…februar 2020 af lov om landbrugsejendomme.</p><p><a href=""#_ftnref9"" name=""_ftn9"" title="""">[9]</a> Vejledning nr. 9702 af 23. juni 2022 til lov om landbrugsejendomme.</p><p><a href=""#_ftnref10"" name="
Naturstyrelsens vejledning om harmoniserede t,3,Husdyrbrugloven,mfkn,"…="""">[5]</a><sup>,<a href=""#_ftn6"" name=""_ftnref6"" title="""">[6]</a></sup></p><p>Det f&oslash;lger af Naturstyrelsens vejledning om harmoniserede t&aring;legr&aelig;nser (ammoniakmanualen),<a href=""#_f"
Lugtberegninger i husdyrgodkendelse,3,Husdyrbrugloven,mfkn,"…:blue; text-decoration:underline;"" title="""">[34]</a> Jf. herom f&oslash;lgende brugervejledning til lugtberegninger i husdyrgodkendelse.dk:&nbsp;<a href=""https://husdyrvejledning.mst.dk/media/187000/"
Pelsdyrfarme,3,Husdyrbrugloven,mfkn,"…es mindst 1 gang om måneden om sommeren og mindst hver anden måned om vinteren, jf. Vejledningen om pelsdyrfarme.</p> <p class=""quote"">Nyborg Kommune vurderer, at hvis virksomheden holdes ryddelig he"
Miljøstyrelsens vejledning om miljøregulering af husdyrhold samt fortegnelsen over oplysni,3,Husdyrbrugloven,mfkn,"……] </em></p> <p class=""quote""><strong> <em> Ammoniak </em> </strong></p> <p class=""quote""><em> Iht. Miljøstyrelsens vejledende emissionsgrænseværdier må produktionen give anledning til 9,9 kg ammonia"
Kommunernes opgørelse af dyretryk,3,Husdyrbrugloven,mfkn,"…40853. Denne stigning kan man dog se bort fra jf. ""supplement til den digitale husdyrvejledning om kommunernes opgørelse af dyretryk"" (J.nr. MST-1240-00263):</p> <p>...</p> <p>Kriteriet for hvornår e"
Fastsættelse af yderligere vilkår,3,Husdyrbrugloven,mfkn,"…for at stille skærpede vilkår til nitratudvaskning efter Miljøstyrelsens supplerende vejledning om fastsættelse af yderligere vilkår. På baggrund af oplysninger fra Miljøstyrelsen anfører klager, at "
Klage til Miljøklagenævnet,3,Husdyrbrugloven | Miljøbeskyttelsesloven,mfkn,"…e af miljøbeskyttelsesloven, at Aalborg Kommune i brevene af 30. marts 2007 har givet vejledning om klage til Miljøklagenævnet.       </p>        <p class=""stk"">         Med hensyn til transport af g"
Miljøstyrelsens vejledning om undersøgelse og oprensning af forurening fra villaolietanke,3,Jordforureningsloven,mfkn,"…reningsundersøgelse. Derudover har kommunen foretaget samtlige foranstaltninger, der er beskrevet i Miljøstyrelsens vejledning om undersøgelse og oprensning af forurening fra villaolietanke <sup> <a "
Benzin- og olieforurenede grunde blev lagt til grund og var forudsat,3,Jordforureningsloven,mfkn,…n senere vejledning 6/1998 blev udsendt i høring samtidig med udkast til vejledning om oprydning af benzin- og olieforurenede grunde. Denne vejledning skulle også omfatte forurening fra fyringsolieta
Kontrol med krydsoverensstemmelse mar,3,Krydsoverensstemmelse og konditionalitet,mfkn,"…ll""><dd><sup><a id=""footnote6""> </a>6</sup>Krav 1.19 og 1.22 i NaturErhvervstyrelsens Vejledning om kontrol med krydsoverensstemmelse mar. 2012 (www.naturerhverv.dk).</dd></dl><dl class=""small""><dd><"
Bidragsfordeling,3,Kystbeskyttelsesloven,mfkn,"…jere af ejendomme i [Adresse 7] (klager 4).</p><p>Klagerne har navnlig anf&oslash;rt, at</p><ul><li>bidragsfordelingen ift. forsyningsselskaber ikke er rimelig,</li><li>det ikke er sagligt at tildele"
Vejledning nr. 28 af 1. juni 2018,3,Miljøbeskyttelsesloven,mfkn,"…;beskyttelseslovens kapitel 3 og 4 (spildevandsbekendtg&oslash;relsen), og i Milj&oslash;styrelsens vejledning nr. 28 af 1. juni 2018 til bekendtg&oslash;relse om spildevandstilladelser m.v. efter mi"
Vejledning nr. 9163 af 31. marts 2006,3,Miljøbeskyttelsesloven,mfkn,"…ne. I beregningen af fraf&oslash;rt N og P antages det, at fiskene indeholder 3 % N og 0,5 % P, jf. vejledning nr. 9163 af 31. marts 2006 om godkendelse af saltvandsbaseret fiskeopdr&aelig;t.</p><p>I"
Miljøministeriets vejledning,3,Miljøbeskyttelsesloven | NBL - beskyttelseslinier,mfkn,"…ets 12 måneder. Maksimumkoncentrationen skal beregnes ved hjælp af Miljøministeriets OML-model, jf. Miljøministeriets vejledning nr. 2/2001. Beregningerne skal korrigeres til 1 minuts midlingstid og "
Kommissionens vejledning,3,Miljøbeskyttelsesloven | NBL - øvrige | Projektstøtte,mfkn,"…støtte for den vidtgående udlægning, som klagerne i denne sag har argumenteret for.</p> <p>I Europa-Kommissionens vejledning om gennemførelsen af direktiv 2001/42/EF, afsnit 1.1, beskrives direktivet"
Tilslutning af industrispildevand til offentlige spildevandsanlæg,3,Miljøbeskyttelsesloven,mfkn,"…benyttes i stedet for en olieudskiller. I henhold til vejledning fra Miljøstyrelsen, nr. 11 2002 om tilslutning af industrispildevand til offentlige spildevandsanlæg, skal spildevand, der indeholder "
Miljøstyrelsens vejledning om tilslutning af industrispildevand til offentligt afløbssyste,3,Miljøbeskyttelsesloven,mfkn,"…</p> <p>(...)</p> <p>Efter min vurdering er der helt klart tale om en uproblematisk virksomhed, jf. Miljøstyrelsens vejledning, Vejledning nr. 11/2002, kap. 5.2.1. Her placeres virksomheder med mindr"
Miljøstyrelsens vejledning om skydebaner nr,3,Miljøbeskyttelsesloven,mfkn,"…debanen ikke er sagsbehandlet korrekt i forhold til planlægningssystemet i Danmark og i forhold til Miljøstyrelsens vejledning om skydebaner, nr. 1 1995.       </p>        <p class=""Citat"">         I"
Godkendelse af ferskvandsdambrug,3,Miljøbeskyttelsesloven,mfkn,"…om godkendelse af den bestående indretning og drift af dambrug bør hovedvægten, jf. vejledningen om godkendelse af ferskvandsdambrug, lægges på, hvorvidt godkendelsesmyndigheden finder det godtgjort,"
Recipientkvalitetsplanlægning,3,Miljøbeskyttelsesloven,mfkn,"…målsatte vandløb (B3), der er vurderet til 3 mg BI<sub>5</sub>/l, jf. Miljøstyrelsens vejledning i recipientkvalitetsplanlægning nr. 1/1983.     </p>     <p class=""c2"">       I amtets skrivelse af 5."
Affaldsdeponering i praksis ikke er til stede,3,Miljøbeskyttelsesloven,mfkn,"…s=""c3"">       ""Miljøstyrelsens afgørelse i sagen er baseret på en vurdering af, at der ikke bør ske affaldsdeponering i et område med væsentlige og særligt følsomme grundvands- og indvindingsinteress"
Miljøstyrelsens vejledning om affaldsdeponering i praksis ikke er til stede,3,Miljøbeskyttelsesloven,mfkn,…benyttes. Der skal ske en indberetning i henhold til det danske affaldsregistreringssystem ISAG jf. Miljøstyrelsens vejledning om ISAG og Miljøministeriets bekendtgørelse nr. 131 af 21. marts 1993. D
Beskyttede jord- og stendiger,3,Museumsloven,mfkn,"…Elig;r&oslash; Kommune har p&aring; baggrund af en samlet vurdering, foretaget konkret udpegning af beskyttede jord- og stendiger i kommunen. Det fremg&aring;r af afg&oslash;relsen, at vurderingen er"
Beskyttede sten- og jordiger,3,Museumsloven,mfkn,…ne om beskyttelse af sten- og jorddiger er udmøntet i bekendtgørelse nr. 1027 af 20. august 2013 om beskyttede sten- og jorddiger og lignende (digebekendtgørelsen). Det fremgår af bekendtgørelsens § 
Beskyttede naturtyper,3,NBL - beskyttede naturtyper | NBL - øvrige,mfkn,"…har i den forbindelse henvist til, at grundbetaling ikke fremg&aring;r af listen i vejledningen om beskyttede naturtyper,<a href=""#_ftn14"" name=""_ftnref14"" style=""color:blue; text-decoration:underlin"
Naturstyrelsens vejledning om registrering af beskyttede naturtyper fra,3,NBL - beskyttede naturtyper,mfkn,"…ef=""#_ftnref7"" name=""_ftn7"" style=""color:blue; text-decoration:underline"" title="""">[7]</a> Skov- og Naturstyrelsens vejledning om registrering af beskyttede naturtyper fra 1993.</p> </div>  <div> <p "
Udstykningskontrollen,3,NBL - beskyttelseslinier,mfkn,"…ningen.</p> <p>         Landinspektøren har også anført, at det tydeligt fremgår af lovgivningen om udstykningskontrollen, at når en myndighed har tilladt en matrikulær forandring, vil tilladelsen i "
Tilskud til biodiversitetsskov,3,Projektstøtte,mfkn,"…fg&oslash;relse efter &sect; 11, stk. 1, nr. 1, i bekendtg&oslash;relse nr. 214 af 1. marts 2024 om tilskud til biodiversitetsskov 2024 og 2025, jf. CAP-lovens &sect; 27, stk. 1.<a href=""#_ftn1"" name"
Tilsagn om tilskud,3,Projektstøtte,mfkn,…afg&oslash;relse af 20. december 2018 om afslag p&aring; anmodning om slutudbetaling og bortfald af tilsagn om tilskud til etablering af ny b&aelig;redygtig stald til slagtekalve og ammek&oslash;er p
Tilskud til Miljøteknologi,3,Projektstøtte,mfkn,"…evareklagenævnet. <a href=""#footnote-ref-2""> ↑ </a></p> </li> <li id=""footnote-3""> <p>Vejledning om tilskud til Miljøteknologi, 2016, afsnit 10, s. 11. <a href=""#footnote-ref-3""> ↑ </a></p> </li> <li"
Tilsagn under ordningen Farestalde,3,Projektstøtte,mfkn,"…evareklagenævnet. <a href=""#footnote-ref-2""> ↑ </a></p> </li> <li id=""footnote-3""> <p>Vejledning om tilsagn under ordningen Farestalde, version 2 <a href=""#footnote-ref-3""> ↑ </a></p> </li> <li id=""f"
Tilskud til kommunale vådområdeprojekter,3,Projektstøtte,mfkn,"…eklagenævnet har truffet afgørelse efter § 19, stk. 1, i bekendtgørelse nr. 951 af 30. juli 2010 om tilskud til kommunale vådområdeprojekter, jf. § 13 a, stk. 1, i lov om Landdistriktsfonden. <sup> <"
Vejledning nr. 9095 af 18. marts 2013,3,Vandforsyningsloven,mfkn,"…rametre, der lyder:</p> <dl class=""small""><dd> <sup><a id=""footnote3"">&nbsp;</a>3</sup>Erstattet af Vejledning nr. 9095 af 18. marts 2013 om håndtering af overskridelser af de mikrobiologiske drikkev"
Indgivelse af klagen,2,PKN,pkn,…ren ikke havde mulighed for at komme i kontakt med kommunen i forhold til at f&aring; vejledning om indgivelse af klagen.</p><h2>2. Planklagen&aelig;vnets bem&aelig;rkninger og afg&oslash;relse</h2><
Miljø- og Fødevareklagenævnet,2,Fødevarer | PKN,mfkn + pkn,…kyttelseslinjen (naturbeskyttelseslovens § 18).</p> <p>Kommunen har alene givet klagevejledning til Miljø- og Fødevareklagenævnet.</p> <h4>2.1.2. Klagerens henvendelse til kommunen</h4> <p>Klageren b
Brug af Klageportalen på dagen,2,PKN,pkn,"…anklagenævnet ikke kunne modtage klagen uden om Klageportalen, medmindre advokaten var fritaget for brug af Klageportalen. Klager oplyste, at han ikke agtede at anvende Klageportalen, at han havde fr"
Landzoneadministrationen s,2,PKN,pkn,"…<a href=""#footnote-ref-3""> ↑ </a></p> </li> <li id=""footnote-4""> <p>Miljøministeriets vejledning om landzoneadministrationen s. 66. <a href=""#footnote-ref-4""> ↑ </a></p> </li> <li id=""footnote-5""> <p"
"Plan- og Landdistriktsstyrelsens vejledning om produktions-, transport- og logistikvirksomheder i kommune-",2,PKN,pkn,"…, stk. 1, forst&aring;s ved &rdquo;st&oslash;jf&oslash;lsom anvendelse&rdquo;. Det fremg&aring;r af Plan- og Landdistriktsstyrelsens vejledning om produktions-, transport- og logistikvirksomheder i k"
Erhvervsstyrelsens vejledning om detailhandelsplanl,2,PKN,pkn,"…lash;rer, at detailhandelsredeg&oslash;relsen er udf&oslash;rt i overensstemmelse med kriterierne i Erhvervsstyrelsens vejledning om detailhandelsplanl&aelig;gning og efterf&oslash;lgende er gennemg&"
Lokalplanen,2,PKN,pkn,"…andlet f&oslash;lgende sp&oslash;rgsm&aring;l:</p><ul><li>Om forholdet er umiddelbart tilladt efter lokalplanen, jf. planlovens &sect; 18, eller kr&aelig;ver dispensation fra lokalplanens &sect; 8.</"
Vejledning nr. 5 af 1. november 1984,2,Miljøvurdering af konkrete projekter | PKN,mfkn + pkn,"…, juni 2006, afsnit 5.</p></div><div id=""ftn7""><p><a href=""#_ftnref7"" name=""_ftn7"" title="""">[7]</a> Vejledning nr. 5 af 31. oktober 1993 om beregning af ekstern st&oslash;j fra virksomheder.</p></div"
Erhvervsstyrelsens vejledning om landzoneadministration er en praktisk vejledning til kommuna,2,PKN,pkn,"…nomr&aring;det ikke er lovlige, og at planerne lovligg&oslash;r aktiviteter, der efter planloven og Erhvervsstyrelsens vejledning om landzoneadministration ikke b&oslash;r placeres i det &aring;bne l"
Lokalplanen og kommuneplanen,2,PKN,pkn,"…1.600 m2.</p>  <p style=""margin-left:0cm; margin-right:0cm"">I indledningen af klagevejledningen til lokalplanen og kommuneplanen, der er udsendt sammen, st&aring;r der:</p>  <p style=""margin-left:14."
Eventuelle klagemuligheder,2,PKN,pkn,"…sagens oplysninger, at klageren har henvendt sig til Geodatastyrelsen for at f&aring; vejledning om eventuelle klagemuligheder.</span></p>  <p style=""margin-left:0cm; margin-right:0cm"">&nbsp;</p>  <h"
E-mailen,2,PKN,pkn,"…varslingen om påbud om beplantning på 10 m langs det sydlige skel.</p> <p>Det fremgik endvidere af e-mailen, at kommunen konkluderede, at ejeren af ejendommen havde etableret den påkrævede beplantnin"
Naboorientering,2,PKN,pkn,"…jeren af ejendommen havde fremsendt ændret projekt til et mindre 1 plans dobbelthus. Det fremgik af naboorienteringen, at kommunen gav klageren en frist på 2 uger til at komme med bemærkninger til de"
Håndbog om Miljø og Planlægning er udarbejdet som et hjælpere,2,PKN,pkn,"…e B blev udlagt til erhverv i miljøklasse 1-3. Klageren henviste bl.a. til de vejledende afstande i Håndbog om miljø og planlægning, støj, indbliksgener, trafik og ændringer af værdien af ejendomme l"
Krav til kommuneplanlægning inden for OSD og indvindingsoplande,2,PKN,pkn,"…hold til grundvandet.</p> <p>Klageren finder på den baggrund ikke, at Miljøstyrelsens vejledning om krav til kommuneplanlægning inden for områder med særlige drikkevandsinteresser og indvindingsoplan"
Detailhandelsplanlægning,2,PKN,pkn,"…</p> <p>Kommunen anfører endvidere, at det fremgår af bemærkningerne til planloven og vejledning om detailhandelsplanlægning, at der skal ske en lokal afvejning af de tre formål på detailhandelsområd"
De respektive klageinstanser i forhold til afgørelserne,2,PKN,pkn,"…lken afgørelse, og hvis klageren ikke får fuldt medhold, skal der gives korrekt klagevejledning til de respektive klageinstanser i forhold til afgørelserne.</li> </ul> <p>Planklagenævnet henviser i ø"
Håndbog om Miljø- og Planlægning fra,2,PKN,pkn,…sse1] kun få meter fra placeringen af anlægget.</p> <p>Klagerne har i en fodnote indsat et link til Håndbog om Miljø- og Planlægning fra 2008.</p> <h3>2.10. Klage over kommuneplan 2017-2028</h3> <h4>
Støj fra skydebaner,2,Miljøbeskyttelsesloven | PKN,mfkn + pkn,"…te støjberegning viser, at støjpåvirkningen fra skydebanen overholder Miljøstyrelsens vejledning om støj fra skydebaner, hvilket medfører, at kommunen er forpligtet til at give en tilladelse.</p> <p>"
Vejledning nr. 9608 af 6. september 2005,2,PKN,pkn,"…;""><a href=""#_ftnref3"" name=""_ftn3"" style=""color:blue; text-decoration:underline;"" title="""">[3]</a> Vejledning nr. 9608 af 6. september 2005 om lokalplanl&aelig;gning for husb&aring;de til hel&aring;"
Planklagenævnet fremgik det blandt andet,2,PKN,pkn,"…eholdte både en klagevejledning til Planklagenævnet og Statsforvaltningen. Af klagevejledningen til Planklagenævnet fremgik det blandt andet, at Planklagenævnet er klageinstans for afgørelser truffet"
Justitsministeriets vejledning,2,Miljøbeskyttelsesloven | PKN,mfkn + pkn,"…beregnes fra den 29. juni 2018, og at klagen derfor er indgivet for sent. Kommunen har henvist til Justitsministeriets vejledning nr. 9533 af 26. juni 2018 om beregning af klagefrister, hvor det frem"
Statsforvaltningen over byggeproblematikken,2,PKN,pkn,"…nført, at kommunens påbud tilsidesætter byggelovgivningen og ikke indeholder en klagevejledning til Statsforvaltningen over byggeproblematikken.</p> <p><em>2.4.4. Byggeriets lovlighed</em></p> <p><em"
Landzoneadministration pkt,2,Husdyrbrugloven | PKN,mfkn + pkn,"…er i strid med den tidligere gældende kommuneplan, planlovens § 13, stk. 1, nr. 1, vejledningen om landzoneadministration og lighedsgrundsætningen.</p> <h2>2. Sagens oplysninger</h2> <h3>2.1. Forløbe"
Brug af kommunens digitale ejendomsarkiv,2,Aktindsigt,mfkn,"…r anmodet om aktind- sigt i. Selv hvis klager f&oslash;lger Helsing&oslash;r Kommunes vejledning om brug af kommunens digitale ejendomsarkiv, er det overladt til klager selv efter udf&oslash;relse af"
Reglerne om medicinanvendelse,2,Dyresundhed og –velfærd,mfkn,"…aelig;kke synspunkter ang&aring;ende de forhold, som styrelsen har lagt til grund for vejledning om reglerne om medicinanvendelse.</p><p><br></p><h1>2. Sagens oplysninger</h1><h2><em>2.1 De p&aring;k"
Reglerne om identifikation af dyr ved medicinregistrering,2,Dyresundhed og –velfærd,mfkn,…rt en r&aelig;kke synspunkter vedr&oslash;rende forhold lagt til grund for styrelsens vejledning om reglerne om identifikation af dyr ved medicinregistrering.</p><p>&nbsp;</p><h2>2. Sagens oplysninge
Retssikkerhed ved fødevareregionernes kontrol,2,Dyresundhed og –velfærd,mfkn,"…tssikkerhedsloven).</dd></dl><dl class=""small""><dd><sup><a id=""footnote8""> </a>8</sup>Vejledning om retssikkerhed ved fødevareregionernes kontrol. Fødevarestyrelsen, 26. november 2009 (fvst.dk).</dd>"
Beskæftigelses- og rodematerialer,2,Dyresundhed og –velfærd,mfkn,"…kret.</p><p>Klagecentret finder, at både Justitsministeriets- og Fødevarestyrelsens vejledninger om beskæftigelses- og rodematerialer<sup>2</sup> angiver, at opregningen af træsorter ikke er udtømmen"
Vejledning nr. 9164 af 27. februar 2025,2,Fødevarer,mfkn,"…vedr&oslash;rende f&oslash;devaresikkerhed.</p><p><a href=""#_ftnref9"" name=""_ftn9"" title="""">[9]</a> Vejledning nr. 9164 af 27. februar 2025 om autorisation og registrering af f&oslash;devarevirksomhe"
Vejledning nr. 10099 af 21. december 2023,2,Fødevarer,mfkn,"…eklagen&aelig;vnet mv.</p></div><div id=""ftn4""><p><a href=""#_ftnref4"" name=""_ftn4"" title="""">[4]</a> Vejledning nr. 10099 af 21. december 2023 om f&oslash;devarehygiejne.</p></div><div id=""ftn5""><p><a"
Vejledning nr. 10404 af 20. december 2022,2,Fødevarer,mfkn,"…div> <p style=""margin-left:0cm; margin-right:0cm""><a href=""#_ftnref4"" name=""_ftn4"" title="""">[4]</a> Vejledning nr. 10404 af 20. december 2022 til bekendtg&oslash;relse om eksport af f&oslash;devarer "
Synlighed af kontrolrapporter på klagers hjemmeside,2,Fødevarer,mfkn,"…vedrørende registrering, fremvisning af styrelsens hjemmeside og www.findsmiley.dk , vejledning om synlighed af kontrolrapporter på klagers hjemmeside, samt udfærdigelse af kontrolrapporten.</p> <p>D"
Styrelsens ændrede praksis,2,Fødevarer,mfkn,"…lagers opfattelse, ikke medføre, at klager påkræves at følge kravene uden forudgående vejledning om styrelsens ændrede praksis.</p> <p>Den 2. juni 2020 har klager sendt et høringssvar til Fødevaresty"
Dette forhold,2,Fødevarer | Husdyrbrugloven,mfkn,"…h. Yderligere har klager oplyst, at klager ikke tidligere har fået anmærkninger eller vejledning om dette forhold. Klager har henvist til, at det af klagers risikoanalyse fremgår, at klager tilberede"
Reglerne i den forbindelse,2,Fødevarer,mfkn,"…rollere om virksomhederne overholder foderlovgivningen, samt at der ofte ydes generel vejledning om reglerne i den forbindelse. Hertil har styrelsen anført, at det alene er virksomhedernes ansvar at "
Den vejledning,2,Fødevarer,mfkn,"…t nogen anmærkning. Der er derfor heller ikke på kontrolrapporten knyttet nogen klagevejledning til den vejledning, der er givet. Miljø- og Fødevareklagenævnet kan alene behandle klager over forvaltn"
Vejledning nr. 10213 af 13. december 2017,2,Fødevarer,mfkn,"…Miljø- og Fødevareklagenævnet. <a href=""#footnote-ref-4""> ↑ </a></p> </li> <li id=""footnote-5""> <p>Vejledning nr. 10213 af 13. december 2017 om kosttilskud. <a href=""#footnote-ref-5""> ↑ </a></p> </li"
Vejledning nr. 9225 af 13. april 2015,2,Fødevarer,mfkn,"…Miljø- og Fødevareklagenævnet. <a href=""#footnote-ref-3""> ↑ </a></p> </li> <li id=""footnote-4""> <p>Vejledning nr. 9225 af 13. april 2015 om mærkning af oksekød. <a href=""#footnote-ref-4""> ↑ </a></p> "
Vejledning nr. 9450 af 27. juni 2014,2,Fødevarer,mfkn,"…sningsforordningen. </dd></dl><dl class=""small""><dd><sup><a id=""footnote6""> </a>6</sup>Pkt. 3.1.1 i Vejledning nr. 9450 af 27. juni 2014 (Vejledning til anprisningsforordningen)</dd></dl><dl class=""s"
Vejledning nr. 9459 af 12. juli 2006,2,Fødevarer,mfkn,"…kkerhed.</dd></dl><dl class=""small""><dd><sup><a id=""footnote10""> </a>10</sup>Kapitel 10 afsnit 12 i vejledning nr. 9459 af 12. juli 2006 om autorisation og registrering af fødevarevirksomheder.</dd><"
Regler på hele styrelsens sagsområde,2,Fødevarer,mfkn,"…rker i den forbindelse, at Fødevarestyrelsens hjemmeside indeholder ganske detaljeret vejledning om regler på hele styrelsens sagsområde, herunder reglerne om indretning og registrering/autorisation "
Tilbagetrækning,2,Fødevarer,mfkn,"<!--Stylesheetchange:2015-07-02--><p><strong>Påbud om tilbagetrækning af polske skalæg fastholdes</strong></p><p>I har i mail af 23. februar 2012, på vegne af [virksomhe…"
Landbrugsejendomme pkt,2,Husdyrbrugloven,mfkn,"…2, stk. 1, og &sect; 4, stk. 1,<a href=""#_ftn8"" name=""_ftnref8"" title="""">[8]</a> samt vejledning om landbrugsejendomme pkt. 3.2.2,<a href=""#_ftn9"" name=""_ftnref9"" title="""">[9]</a> at et stutteri kan "
En klageberettiget har normalt den virkning,2,Husdyrbrugloven,mfkn,"…sen ikke blev meddelt klager. Manglende meddelelse af en afgørelse med fornøden klagevejledning til en klageberettiget har normalt den virkning, at en klagefrist suspenderes. Der er således ikke tale"
Tilladelse og godkendelse af husdyrbrug,2,Husdyrbrugloven,mfkn,"…deret, at lugtberegningerne jf. gældende lovgivning (note: Bekendtgørelse nr. 1283 af 08/12/2014 om tilladelse og godkendelse m.v. af husdyrbrug) skal foretages via det beregningsværktøj, der findes "
Miljøstyrelsens vejledning om skærpede genafstande til minkfarme,2,Husdyrbrugloven,mfkn,"…i husdyrgodkendelse.dk. Genekriteriet er beregnet ud fra lugtgeneafstanden fra 3.500 minktæver, jf. Miljøstyrelsens vejledning om skærpede genafstande til minkfarme.</strong>       </p>       <p>    "
"Miljøstyrelsens vejledning om miljøregulering af husdyrhold tage stilling til, om den nye",2,Husdyrbrugloven,mfkn,"…dere bør kommunen foretage en vurdering af ansøgers tolkning af resultaterne.</p> <p>Det fremgår af Miljøstyrelsens vejledning om miljøgodkendelse af husdyrbrug3, at der ved tolkning af konkrete OML-"
Vurderinger af nitrats påvirkning af overfladevand,2,Husdyrbrugloven,mfkn,"…sesloven"", af juni 2010.</p> <p>Ovenstående vurdering af lavet ud fra Miljøstyrelsens vejledning om vurderinger af nitrats påvirkning af overfladevand, som beskrevet i ""Vejledende notat om afskærings"
Miljøstyrelsens vejledning om måling af ekstern støj fra virksomheder,2,Husdyrbrugloven | Miljøbeskyttelsesloven,mfkn,"…servativ tolkning"".</p> <p>Ansøger har anført følgende om baggrunden for OML-beregningen:</p> <p>""I Miljøstyrelsens vejledning om miljøgodkendelse af husdyrbrug i afsnittet om Lugt anføres, at ansøgn"
Afskæringskriterier,2,Husdyrbrugloven,mfkn,"…amt en vurdering af udvikling i dyretryk i de enkelte oplande som jf. Miljøstyrelsens vejledning om afskæringskriterier, er tilstrækkelig for at opfylde vores habitatforpligtigelse om at beskytte Vad"
Naturstyrelsens vejledning om pelsdyrfarme fra marts,2,Husdyrbrugloven,mfkn,"…ne i husdyrgødningsbekendtgørelsen, jf. pelsdyrbekendtgørelsens § 1, stk. 3.</p> <p>Ifølge Skov- og Naturstyrelsens vejledning af 25. marts 2004 om pelsdyrfarme (pelsdyrvejledningen) har kravet i pel"
Tilladelse og miljøgodkendelse mv,2,Husdyrbrugloven | Miljøbeskyttelsesloven,mfkn,"…> <dl class=""small""><dd> <sup><a id=""footnote18"">&nbsp;</a>18</sup>Kommunens note: Se vejledning om tilladelse og miljøgodkendelse mv. af husdyrbrug 1027/2007, bilag 5.</dd></dl> <p><i>Naturområder o"
Miljøstyrelsens vejledning om afskæringskriterier,2,Husdyrbrugloven,mfkn,"…r):</p> <p>""Mariager Fjord klassificeres af Mariagerfjord Kommune, som et særlig sårbart område jf. Miljøstyrelsens vejledning om afskæringskriterier for udvaskning af nitrat til overfladevande, idet"
Miljøstyrelsens vejledning om miljøgodkendelse af husdyrbrug - version,2,Husdyrbrugloven,mfkn,"…går bl.a. følgende om BAT:</p> <p>""Der er, i den konkrete sag, ikke fundet anledning til at fravige Miljøstyrelsens vejledende emissionsgrænseværdier for konventionel produktion af malkekvæg på gylle"
Miljøstyrelsens vejledning om godkendelse af husdyrbrug fastsættes støjvilkår med udgangsp,2,Husdyrbrugloven,mfkn,…cceptabelt for de omkringboende.</p> <p><i>Støj</i></p> <p>For landbrugsvirksomheder bør der ifølge Miljøstyrelsens vejledning om godkendelse af husdyrbrug fastsættes støjvilkår med udgangspunkt i de
Administration af internationale naturbeskyttelsesområder,2,Husdyrbrugloven | Miljøbeskyttelsesloven,mfkn,"…ftnref13"" name=""_ftn13"" title="""">[13]</a> Jf. bekendtgørelse nr. 408 af 1. maj 2007 om udpegning og administration af internationale naturbeskyttelsesområder samt beskyttelse af visse arter (Natura 2"
Naturstyrelsens vejledning om pelsdyrfarme af,2,Husdyrbrugloven,mfkn,"…nord og udgøres af Æbelø, havet syd for Æbelø og Nærå.       </p>       <p>         Ifølge Skov- og Naturstyrelsens vejledning er tålegrænsen for mose og kær typisk et sted mellem 5-25 kg. N/ha/år, v"
Muligheden for indsigelse samt det videre sagsforløb,2,Krydsoverensstemmelse og konditionalitet,mfkn,"…krydsoverensstemmelsessanktionen for hvert kontrolfund. Partshøringen var ledsaget af vejledning om muligheden for indsigelse samt det videre sagsforløb. Derudover fremgår det, at klager var til sted"
Kystdirektoratets vejledning,2,Kystbeskyttelsesloven | NBL - øvrige,mfkn,"…idig vedligeholdelse af kystbeskyttelsesanl&aelig;gget, og har til st&oslash;tte herfor henvist til Kystdirektoratets vejledning til lov om kystbeskyttelse fra 2009.<a href=""#_ftn6"" name=""_ftnref6"" s"
Lov om kystbeskyttelse s,2,Kystbeskyttelsesloven,mfkn,"…vedligeholdelsesudgifter&nbsp;</em></p><p>[&hellip;]</p><p>I bem&aelig;rkningerne til forslaget til lov om kystbeskyttelse fra 1987 er det anf&oslash;rt, at det f&oslash;lger af denne bestemmelse, at"
Klager for optimal anvendelse af kemi,2,Landbrugsstøtte,mfkn,"…ationen, hvor klager ogs&aring; lejer spr&oslash;jte, og hvor der gives r&aring;d og vejledning til klager for optimal anvendelse af kemi. Klager har som dokumentation herfor vedlagt regninger fra ma"
At opdele mark nr,2,Landbrugsstøtte,mfkn,"…r Landbrugsstyrelsen bemærket, at klager ved blokeringen modtog en fejlmeddelelse med vejledning om at opdele mark nr. 1 i Internet Markkort, så den ikke overlappede med § 3-søen. Hertil har styrelse"
Udfyldelse af Fællesskemaet efter fristen,2,Landbrugsstøtte,mfkn,"…øge støtte for 3,80 ha. Efterfølgende bliver du telefonisk vejledt af NaturErhvervstyrelsen omkring udfyldelse af Fællesskema hhv. den 6. og 7. maj 2015, hvorefter der sker en elektronisk indsendelse"
Enkeltbetaling og på NaturErhvervstyrelsens hjemmeside,2,Landbrugsstøtte,mfkn,"…onisk nyhedsbrev. Dertil fremgår ansøgningsfristen af Tast selv-service, i den årlige vejledning om Enkeltbetaling og på NaturErhvervstyrelsens hjemmeside.</p><p></p><p><a id=""iq2""> </a><a id=""q2""> <"
Enkeltbetaling på deres hjemmeside,2,Landbrugsstøtte,mfkn,"…ntret vurderer, at NaturErhvervstyrelsen har løftet sin vejledningspligt ved at lægge Vejledning om Enkeltbetaling på deres hjemmeside, hvorved I kunne gøre jer bekendt med reglerne for at opnå støtt"
Støtte efter enkeltbetalingsordningen for arealer med frugttræer,2,Landbrugsstøtte,mfkn,"…elsens afgørelse af 27. april 2015. Det betyder, at du får delvist afslag på ansøgningen om direkte støtte efter enkeltbetalingsordningen (enkeltbetaling) for 2013.</p><p>Du får udbetalt fuld støtte "
Borgere og virksomheder,2,Landbrugsstøtte,mfkn,"…m led i sit erhverv. Offentlige myndigheder har en pligt til i et vist omfang at yde vejledning til borgere og virksomheder, som henvender sig til myndigheden.<sup>6</sup>         Vejledningspligten "
Overdragelse af betalingsrettigheder,2,Landbrugsstøtte,mfkn,"…rhvervstyrelsens afgørelse af 3. juli 2014. Det betyder, at I ikke får dispensation fra fristen for overdragelse af betalingsrettigheder i 2014, som var 16. april 2014 eller - hvis erhververen af bet"
Det spørgsmål,2,Landbrugsstøtte,mfkn,"…nmeldelsesfrister. Vi finder, at NaturErhvervstyrelsen dermed faktisk gav jer konkret vejledning om det spørgsmål, I havde henvendt jer om dagen forinden, og vi finder ikke grundlag for at kritisere "
Vejledning nr. 10254 af 18. december 2025,2,Miljøbeskyttelsesloven | Vandforsyningsloven,mfkn,"…ogrammer for vandomr&aring;dedistrikter.</p><p><a href=""#_ftnref13"" name=""_ftn13"" title="""">[13]</a> Vejledning nr. 10254 af 18. december 2025 til bekendtg&oslash;relse om indsatsprogrammer for vandom"
Kommuneplanen,2,Miljøbeskyttelsesloven,mfkn,"…e=""_ftnref4"" title="""">[4]</a></p><p>I afg&oslash;relsen har Holb&aelig;k Kommune med henvisning til kommuneplanens retningslinje 8.6.3. oplyst, at der som udgangspunkt ikke kan meddeles tilladelse ti"
Miljøstyrelsens vejledning om støj fra vindmøller,2,Miljøbeskyttelsesloven | Miljøvurdering af konkrete projekter,mfkn,"…dningen her: <a href=""https://mst.dk/media/clihg3wa/stoej_fra_vindmooller_2021.pdf"" title=""Link til Miljøstyrelsens vejledning om støj fra vindmøller"">https://mst.dk/media/clihg3wa/stoej_fra_vindmool"
Tilslutning af industrispildevand,2,Miljøbeskyttelsesloven,mfkn,"…elig;vede &aring;rlige pr&oslash;ver overstiger anbefalingen i Milj&oslash;styrelsens vejledning om tilslutning af industrispildevand,&nbsp;</li><li>vilk&aring;r om pr&oslash;vetagning tager i &oslas"
Jordregulativ,2,Miljøbeskyttelsesloven,mfkn,"…in-right:0cm""><span style=""color:#000000"">Det fremg&aring;r af Milj&oslash;styrelsens vejledning om jordregulativ, at forurenet jord som udgangspunkt skal anses som affald, da man som f&oslash;lge af"
Referencetidsrum,2,Miljøbeskyttelsesloven,mfkn,"…amlede bidrag til støjniveauet i omgivelserne inddelt i tidspunkter og områdetyper. Desuden fremgår referencetidsrummet hvori grænseværdierne skal overholdes indenfor.""></p><p style=""margin-left:0cm;"
"Miljøstyrelsens vejledning om beregning af ekstern støj fra virksomheder, at man enten kan",2,Miljøbeskyttelsesloven,mfkn,"…e påbud om støjgrænser eller støjreducerende foranstaltninger, da de vejledende støjgrænseværdier i Miljøstyrelsens vejledning for både dag-, aften- og natperioden anses for at være overholdt.</p> <p"
Håndbog om Miljø og Planlægning udarbejdet en virksomhedsklas,2,Miljøbeskyttelsesloven,mfkn,"…virksomhedens aktiviteter kan sammenlignes med aktiviteter på levnedsmiddelvirksomheder, der ifølge Håndbog om Miljø og Planlægning normalt klassificeres som miljøklasse 3-4, og det er derfor kommune"
Beregning og måling af støj fra skydebaner og data,2,Miljøbeskyttelsesloven,mfkn,"…et akkrediteret støjmålefirma, hvis man har brugt beregningsmetoden i Miljøstyrelsens vejledning om beregning og måling af støj fra skydebaner og data, som enten stammer fra samme vejledning eller so"
Beregning og måling af støj fra skydebaner og sædvanlig praksis,2,Miljøbeskyttelsesloven,mfkn,"…et akkrediteret støjmålefirma, hvis man har brugt beregningsmetoden i Miljøstyrelsens vejledning om beregning og måling af støj fra skydebaner og data, som enten stammer fra samme vejledning eller so"
"Miljøstyrelsens vejledning om beregning og måling af støj fra skydebaner og data, som ente",2,Miljøbeskyttelsesloven,mfkn,"…aner. Disse skal bedømmes på grundlag af en konkret vurdering med udgangspunkt i retningslinjerne i Miljøstyrelsens vejledning om skydebaner (skydebanevejledningen). <sup> <a id=""footnote-ref-6"" href"
Miljøstyrelsens vejledning om beregning og måling af støj fra skydebaner og sædvanlig prak,2,Miljøbeskyttelsesloven,mfkn,"…aner. Disse skal bedømmes på grundlag af en konkret vurdering med udgangspunkt i retningslinjerne i Miljøstyrelsens vejledning om skydebaner (skydebanevejledningen). <sup> <a id=""footnote-ref-6"" href"
Klageadgang til Natur- og Miljøklagenævnet,2,Miljøbeskyttelsesloven,mfkn,"…es som egentlige afgørelser efter henholdsvis miljøbeskyttelsesloven og planloven med vejledning om klageadgang til Natur- og Miljøklagenævnet. </em> ""</p> <p>Ændringen af vilkår 26 i miljøgodkendels"
Beregning af støj fra skydebaner,2,Miljøbeskyttelsesloven,mfkn,"…unkterne, og derved danner et meget højt ekko, kan være op til 20 dB, og henviser til vejledning om beregning af støj fra skydebaner, fig. 19.</p> <p>For det andet ligger området højt i forhold til b"
Støj fra idrætsanlæg generelt,2,Miljøbeskyttelsesloven,mfkn,"…"", vejledning nr. 7/2006, Miljøstyrelsen         </dd></dl> <p>Der foreligger ikke en vejledning om støj fra idrætsanlæg generelt. For idrætsaktiviteter er der udarbejdet to vejledninger, der reguler"
Miljøstyrelsens vejledning om godkendelse af risikovirksomheder i transportsektoren,2,Miljøbeskyttelsesloven,mfkn,"…den pågældende aktivitet.</p> <p>De i § 1, stk. 6, nr. 3, litra a - d nævnte aktiviteter er, ifølge Miljøstyrelsens vejledning om godkendelse af risikovirksomheder i transportsektoren10 (herefter ""Ve"
Biologisk bedømmelse af vandkvalitet,2,Miljøbeskyttelsesloven,mfkn,"…s=""small""><dd> <sup><a id=""footnote5"">&nbsp;</a>5</sup>Miljøstyrelsens vejledning nr. 5 fra 1998 om biologisk bedømmelse af vandløbskvalitet.</dd></dl> <p>         Vejle Kommune har vedrørende den ku"
"Miljøstyrelsens vejledning om biologisk bedømmelse af vandkvalitet, bør lægges størst vægt",2,Miljøbeskyttelsesloven,mfkn,"…rdering af tilstanden i Vejle Å.</p> <dl class=""small""><dd> <sup><a id=""footnote5"">&nbsp;</a>5</sup>Miljøstyrelsens vejledning nr. 5 fra 1998 om biologisk bedømmelse af vandløbskvalitet.</dd></dl> <p"
Små ammoniakkøleanlæg,2,Miljøbeskyttelsesloven,mfkn,…ejs i arbejdet med revisionen af 1. udkast til afgørelse samt revision af udkast til vejledning for små ammoniakkøleanlæg har Det Norske Veritas for Miljøstyrelsen lavet en modelberegning (Rapport fr
"Miljøstyrelsens vejledning om Miljøkrav til store olieoplag, vejledning nr",2,Miljøbeskyttelsesloven,mfkn,"…d på 8 år, idet virksomheden henviser til, at inspektionshyppigheden for de pågældende tanke ifølge Miljøstyrelsens vejledning om Miljøkrav til store olieoplag, vejledning nr. 2/2011, der som udgangs"
Motorsportsbaner,2,Miljøbeskyttelsesloven,mfkn,"…Hertil anføres bl.a., at muligheden for kompensation ikke fremgår af Miljøstyrelsens vejledning om motorsportsbaner, og at der i kompensationsregnskabet for 2010 bl.a. kompenseres med træningstid i j"
Miljøstyrelsens vejledning om skydebaner indeholder retningslinjer for vurdering af støjbe,2,Miljøbeskyttelsesloven,mfkn,"…ugtskydebanen</u></b>       </p>        <p class=""Citat"">         Skydetid er tildelt i henhold til Miljøstyrelsens vejledning nr. 1/1995 om skydebaner, Fig. 3 Nye Skydebaner, med 64 dB(A),I som ma"
Miljøstyrelsens vejledning om motorsportsbaner,2,Miljøbeskyttelsesloven,mfkn,"…øgningen, med baggrund i de godkendelser og tilladelser, der er givet, planlægningen for området og Miljøstyrelsens vejledning om motorsportsbaner (Vejledning fra Miljøstyrelsen nr. 2, 2005, Støj fra"
Skydebaner nr,2,Miljøbeskyttelsesloven,mfkn,"…ing af lokalisering       </p>       <p class=""Citat"">         Ifølge Miljøstyrelsens vejledning om skydebaner nr. 1 1995, side 25 skal udvidelsen vurderes efter retningslinjerne for nye skydebaner, "
"Miljøstyrelsens vejledning om skydebaner, nr",2,Miljøbeskyttelsesloven,mfkn,"…debanen ikke er sagsbehandlet korrekt i forhold til planlægningssystemet i Danmark og i forhold til Miljøstyrelsens vejledning om skydebaner, nr. 1 1995.       </p>        <p class=""Citat"">         I"
Miljøstyrelsen,2,Miljøbeskyttelsesloven,mfkn,"…sø.           </p>        <p>         Samsø Kommunes afgørelse var forsynet med klagevejledning til Miljøstyrelsen.       </p>        <p>         Det skal oplyses, at Miljøstyrelsens beføjelser som k"
Flis- og halmfyrede anlæg i forbindelse med den nye luftvejledning,2,Miljøbeskyttelsesloven,mfkn,"…ekniske løsninger og økonomien heri, overført kravet fra kulfyrede anlæg i den gamle vejledning til flis- og halmfyrede anlæg i forbindelse med den nye luftvejledning.     </p>     <p class=""c2"">    "
Miljøgodkendelse af dambrug,2,Miljøbeskyttelsesloven,mfkn,"…af 22. september 1998 med senere ændringer.     </p>       <p class=""c4"">       Sag nr. 13/162-6 om miljøgodkendelse af Buderupholm Dambrug, Støvring Kommune.     </p>        <p class=""c2"">       Afg"
Miljøstyrelsens vejledning om biologisk bedømmelse af vandløbskvalitet,2,Miljøbeskyttelsesloven,mfkn,"…</li>       <li>Måling af lugt skal foretages efter de retningslinier, der er angivet i Miljøstyrelsens vejledning nr. 4/1985 om begrænsning af lugtgener fra virksomheder. Ved udførelse af lugtmåling"
Miljøgodkendelse af dambrug fra Miljøstyrelsen,2,Miljøbeskyttelsesloven,mfkn,"<p class=""c3"">       Sag nr. 13/162-33: Miljøgodkendelse af Høghøj Dambrug     </p>           <p class=""c2"">       Ved skrivelse af 13. november 1998 har De på vegne af AquaPri A/S, der…"
Energistyrelsens vejledning,2,Miljøvurdering af konkrete projekter | Vandforsyningsloven,mfkn,"…h;- og F&oslash;devareklagen&aelig;vnet mv.</p><p><a href=""#_ftnref4"" name=""_ftn4"" title="""">[4]</a> Energistyrelsens vejledning for boring og br&oslash;nd operationer p&aring; land i Danmark, 2024.</"
Vejledning nr. 9135 af 28. februar 2024,2,Miljøvurdering af konkrete projekter | Miljøvurdering af planer og programmer,mfkn,"…ojekter, afsnit 3.</p></div><div id=""ftn22""><p><a href=""#_ftnref22"" name=""_ftn22"" title="""">[22]</a> Vejledning nr. 9135 af 28. februar 2024 om bekendtg&oslash;relse om indsatsprogrammer for vandomr&a"
Regulering af visse midlertidige aktiviteter,2,Miljøvurdering af konkrete projekter,mfkn,"…iviteter. N&aelig;vnet bem&aelig;rker, at det fremg&aring;r af Milj&oslash;styrelsens vejledning om regulering af visse midlertidige aktiviteter,</span><a href=""#_ftn14"" name=""_ftnref14"" title=""""><sp"
Støj fra veje,2,Miljøvurdering af konkrete projekter,mfkn,"…støjberegningerne er udført i overensstemmelse med retningslinjerne i Miljøstyrelsens vejledning om støj fra veje, <sup> <a id=""footnote-ref-10"" href=""#footnote-10""> [9] </a> </sup> hvoraf det fremgå"
Lokalplanens bestemmelser bl,2,Miljøvurdering af konkrete projekter,mfkn,"…tshallen skal bestå af fire huse og et trappeanlæg med bygning under. Det fremgår af vejledning til lokalplanens bestemmelser bl.a., at husene kan fungere som selvstændige huse og som et samlet hus. "
Miljøstyrelsen vejledning om støj fra vindmøller,2,Miljøvurdering af konkrete projekter,mfkn,"…beregningspunktet, der anvendes støjberegningen er placeret på ejendommens udendørs boligareal, jf. Miljøstyrelsen vejledning om støj fra vindmøller.</p> <p>Der kan herefter ikke gives medhold i dett"
Den offentliggjorte afgørelse,2,Miljøvurdering af konkrete projekter,mfkn,"…ten for afgørelsen udløb dermed den 3. december 2014, hvilket også fremgår af klagevejledningen til den offentliggjorte afgørelse.</p> <p>Klagen over kommunens afgørelse om ikke at foretage en miljøv"
Århus Stift,2,Miljøvurdering af konkrete projekter,mfkn,"…else af miljøscreeningen samt manglende orientering om afgørelse med tilhørende klagevejledning til Århus Stift, og kommunens afgørelse står således ved magt.</p> <p>Natur- og Miljøklagenævnets afgør"
Beskyttede diger,2,Museumsloven,mfkn,"…for, om et dige er beskyttet eller ej, og at det er enhver ejers pligt at kende til eksistensen af beskyttede diger p&aring; sin ejendom. Uvidenhed om et ulovligt forhold udg&oslash;r ikke en tilstr&"
Dispensationer på vilkår,2,Museumsloven,mfkn,…rift er i overensstemmelse hermed yderst restriktiv.</p> <p>Følgende fremgår af digevejledningen om dispensationer på vilkår (f.eks. om erstatningsbiotoper):</p> <p>”Der kan stilles betingelser eller
Beskyttede sten og jorddiger fremgår det,2,Museumsloven,mfkn,"…embruddene er nødvendige for at realisere lokalplanen.</p> <p>Af Kulturarvsstyrelsens vejledning om beskyttede sten og jorddiger fremgår det, at der som hovedregel bør gives tilladelse til åbninger t"
Adgang i naturen,2,NBL - øvrige,mfkn,"…_ftnref4"" name=""_ftn4"" style=""color:blue; text-decoration:underline"" title="""">[4]</a> Vejledning om adgang i naturen, Milj&oslash;- og F&oslash;devareministeriet, Milj&oslash;styrelsen, 2009, <a href"
Naturstyrelsens vejledning om adgangsreglerne er bl,2,NBL - øvrige,mfkn,"…tyle=""margin-left:0cm; margin-right:0cm"">&nbsp;</p>  <p style=""margin-left:0cm; margin-right:0cm"">I Naturstyrelsens vejledning om adgangsreglerne er bl.a. anf&oslash;rt f&oslash;lgende (afsnit 6.4.1)"
Naturstyrelsens vejledning om adgangsreglerne hvoraf det fremg,2,NBL - øvrige,mfkn,"…og at kommunen er uenig i, at der ikke er tale om en gennemg&aring;ende sti. Kommunen henviser til Naturstyrelsens vejledning om adgangsreglerne hvoraf det fremg&aring;r, at gennemg&aring;ende stier "
Naturstyrelsens vejledning om anmeldeordningen,2,NBL - øvrige,mfkn,…sig selv vil kunne medføre en målbar effekt i det pågældende Natura 2000-vandområde.</p> <p>Ifølge Naturstyrelsens vejledning om anmeldeordningen5 skal fosfortabet til de relevante Natura 2000-område
Miljøstyrelsens vejledning om betalingsregler for spildevandsanlæg,2,Vandløbsloven | Øvrige lovområder,mfkn,"…sanlæg af udledningspunktet, som bør fremgå af den foreliggende udledningstilladelse.</p> <p>Ifølge Miljøstyrelsens vejledning om betalingsregler for spildevandsanlæg <sup> <a id=""448964674654628-foo"
Miljøstyrelsens vejledning om klapning,2,Øvrige lovområder,mfkn,"…2, stk. 1, nr. 1, og på den baggrund behandles klagen.       </p>        <p>         Det fremgår af Miljøstyrelsens vejledning om klapning<a href=""#_ftn6"" name=""_ftnref6"" title="""">[6]</a>, at       <"
Tilskud til Marin Innovation,2,Projektstøtte,mfkn,"…""#_ftnref3"" name=""_ftn3"" title="""">[3]</a> Fiskeri, natur og milj&oslash; 2020 &ndash; Vejledning om tilskud til Marin Innovation, Marin Biodiversitet og &Oslash;kosystemer og Uds&aelig;tning af &arin"
Udbetaling af projekt tilskud under LDP,2,Projektstøtte,mfkn,"…""margin-left:0cm; margin-right:0cm""><a href=""#_ftnref6"" name=""_ftn6"" title="""">[6]</a> Vejledning om udbetaling af projekt tilskud under LDP, juli 2017, s. 12-13.</p> </div>  <div> <p style=""margin-le"
Ordningen på styrelsens hjemmeside,2,Projektstøtte,mfkn,"…at styrelsen overordnet set opfylder vejledningspligten ved at offentliggøre konkret vejledning om ordningen på styrelsens hjemmeside. Dertil har nævnet vurderet, at klager, på trods af henvisning ti"
Tilskud til afsætningsfremme af fisk,2,Projektstøtte,mfkn,"…reklagenævnet har truffet afgørelse efter § 1, nr. 1, i bekendtgørelse nr. 783 af 8. august 2019 om tilskud til afsætningsfremme, jf. § 11 a, stk. 1, i lov om Hav- og Fiskerifonden. <sup> <a id=""foot"
Tilskud til modernisering af slagtesvinestalde,2,Projektstøtte,mfkn,"…l projektet, jf. 11, stk. 2, nr. 1 og § 22, stk. 1, i bekendtgørelse nr. 1119 af 5. oktober 2017 om tilskud til modernisering af slagtesvinestalde.</p> <p>Landbrugsstyrelsen har begrundet afgørelsen "
Udbetaling af tilskud under LDP,2,Projektstøtte,mfkn,"…t 2014, side 24f. <a href=""#footnote-ref-4""> ↑ </a></p> </li> <li id=""footnote-5""> <p>Vejledning om udbetaling af tilskud under LDP, 8. oktober 2014, side 25. <a href=""#footnote-ref-5""> ↑ </a></p> </"
Landbrugsstyrelsens vejledning om tilsagn om tilskud fra august,2,Projektstøtte,mfkn,"…/p> <p> - Der ikke er overskredet nogen frister.</p> <h2>Sagens oplysninger</h2> <p>Sagen omhandler Landbrugsstyrelsens afgørelse af 5. oktober 2015 om nul-udbetaling til projektet ”[person1], [adres"
Tilskud efter ordningen,2,Projektstøtte,mfkn,"…i bkg. 222/2003.</p><p>Landbrugs- og Fiskeristyrelsen har i april 2003 udarbejdet en vejledning om tilskud efter ordningen. Det fremg&aring;r af vejledningens side 10-11, at der <u>ikke</u> kan ydes "
Tilskud til landskabs- og biotopforbedrende beplantninger,2,Projektstøtte,mfkn,"…><a id=""footnote2""> </a>2</sup>§ 10, stk. 1, nr. 1, i bekendtgørelse nr. 118 af 21. februar 2011 om tilskud til landskabs- og biotopforbedrende beplantninger.</dd></dl><dl class=""small""><dd><sup><a i"
Tilskud til fremme af produktion og afsætning af økologiske fødevarer,2,Projektstøtte,mfkn,"…nit 5a, underafsnittet ""De tilskudsberettigede udgifter kan ikke omfatte"", punkt 5, i Vejledning om tilskud til fremme af produktion og afsætning af økologiske fødevarer. NaturErhvervstyrelsen, decem"
Regioner og kommune,2,Råstofloven,mfkn,"…="""">[4]</a> &nbsp;Jf. afsnit 10.4.6 i Administration af r&aring;stofloven &ndash; En vejledning til regioner og kommune, udgivet 3. september 2012 (R&aring;stofvejledningen).</p></div></div>…"
Vandkvalitet og tilsyn med vandforsyningsanlæg fra Naturstyrelsen,2,Vandforsyningsloven,mfkn,"…æssige laboratorieundersøgelser, jf. § 60, stk. 2 i vandforsyningsloven. Der er i bekendtgørelse om vandkvalitet og tilsyn med vandforsyningsanlæg3 (tilsynsbekendtgørelsen) fastsat sådanne regler.</p"
Miljøstyrelsens vejledning om normalregulativ for private vandforsyninger,2,Vandforsyningsloven,mfkn,"…Guldborgsund Kommune har bemærket til klagen, at fællesregulativet er udarbejdet med udgangspunkt i Miljøstyrelsens vejledning om normalregulativ for private vandforsyninger5. Visse ændringer, herund"
Mulighederne for at forbedre vandkvaliteten,2,Vandforsyningsloven,mfkn,…lsens efterkommelse fastsættes af Herning Kommune på grundlag af et teknisk tilsyn og vejledning om mulighederne for at forbedre vandkvaliteten.</p> <p>Natur- og Miljøklagenævnets afgørelse er endeli
Kvalitetskrav til ikke-almene vandforsyningsanlæg,2,Vandforsyningsloven,mfkn,"…t med nitrat.""</i></p> <p>Det fremgår af det i kommunens udtalelse omtalte bilag 1 om vejledning om kvalitetskrav til ikke-almene vandforsyningsanlæg, at hvis der foreligger et nitratindhold på mere "
Bræmmer langs vandløb og søer,2,Vandløbsloven,mfkn,"…</a></p> </li> <li id=""footnote-3""> <p>Jf. Miljøministeriet, Skov- og Naturstyrelsens vejledning om bræmmer langs vandløb og søer, s. 12, januar 2002 <a href=""#footnote-ref-3""> ↑ </a></p> </li> </ol>"
"Naturstyrelsens vejledning om bræmmer langs vandløb og søer, s",2,Vandløbsloven,mfkn,"…<a href=""#footnote-ref-2""> ↑ </a></p> </li> <li id=""footnote-3""> <p>Jf. Miljøministeriet, Skov- og Naturstyrelsens vejledning om bræmmer langs vandløb og søer, s. 12, januar 2002 <a href=""#footnote-r"
Klageren med digital post,1,PKN,pkn,"…skal beregnes fra den 1. august 2022, da kommunen sendte afg&oslash;relsen og klagevejledningen til klageren med digital post. </span></p>  <p style=""margin-left:0cm; margin-right:0cm"">&nbsp;</p>  <p"
Klageren med e-mail,1,PKN,pkn,"…munens hjemmeside den 1. marts 2022, og der blev sendt orientering og kopi af afg&oslash;relsen til klageren med e-mail, da han havde indgivet bem&aelig;rkninger i forbindelse med naboorienteringen. "
Erhvervsstyrelsens vejledning om landzoneadministration og anf,1,PKN,pkn,"…lageren henviser i &oslash;vrigt til en tidligere afg&oslash;relse fra Planklagen&aelig;vnet og til Erhvervsstyrelsens vejledning om landzoneadministration og anf&oslash;rer, at klageren har foretage"
Landzoneadministration på den måde,1,PKN,pkn,"…ageren anfører, at kommunen ikke kan give et afslag på baggrund af en henvisning til ”Vejledning om Landzoneadministration”, da ansøgeren ingen forudsætninger har for at vide, at der ligger en vejled"
Klageren under sagsbehandlingen,1,PKN,pkn,"…t falder naturligt ind i omgivelserne, samt at kommunen ikke har givet tilstrækkelig vejledning til klageren under sagsbehandlingen.</p> <p>Indholdet af klagen gengives nærmere i afsnit 2.5.</p> <h2>"
Skydebaner derfor efter nævnets opfattelse indgå i vurderingen af,1,PKN,pkn,"…elt ikke måtte være omfattet af godkendelsespligt efter miljøbeskyttelsesloven, bør vejledningen om skydebaner derfor efter nævnets opfattelse indgå i vurderingen af, om der kan gives landzonetillade"
Landzoneadministration gælder det,1,PKN,pkn,"…ler til brug for udøvelse af fiskerierhvervet, jf. § 36, stk. 1, nr. 5.</p> <p>Ifølge vejledning om landzoneadministration gælder det, at frem for opførelse af erhvervsmæssigt nødvendigt landbrugsbyg"
Landzonesagsbehandling,1,PKN,pkn,"…ftaler ikke kan inddrages i vurderingen af driftsmæssige nødvendige bygninger, jf. vejledningen til landzonesagsbehandling. Kommunen oplyser desuden, at klageren ikke har oplyst, at der skulle være æ"
Reglerne og praksis om landzoneadministrationen,1,PKN,pkn,"…net vurderede, at kommunen ikke havde truffet en afg&oslash;relse, men alene givet en vejledning om reglerne og praksis om landzoneadministrationen.</span><a href=""#_ftn5"" name=""_ftnref5"" style=""colo"
Landzoneadministration i forbindelse med dette krav til begrundelsen,1,PKN,pkn,"…ikke efter byggelovens definition.</p> <p>Klageren henviser til, at det fremgår af vejledningen til landzoneadministrationen fra 2018, at søer ikke kræver landzonetilladelse, hvis de er nødvendige fo"
Administration i transportkorridoren,1,PKN,pkn,"…ovliggøres, såfremt der var tale om simpelt byggeri. Kommunen henviste herefter til vejledningen om administration i transportkorridoren:</p> <p class=""quote"">Fjernelsesvilkåret bør kun anvendes ved "
Fristen for at indgive klage,1,PKN,pkn,"…zonetilladelsen blev offentliggjort den 9. maj 2019, og at kommunen har givet korrekt vejledning om fristen for at indgive klage.</p> <h3>2.3. Planklagenævnets afgørelse</h3> <p>Planklagenævnet afvis"
Ansøgningsproceduren,1,PKN,pkn,"…e af landzoneansøgningen. Henvendelserne havde karakter af almindelige oplysninger og vejledning om ansøgningsproceduren, og de var således ikke underlagt notatpligt.</p> <p>Kommunen foretog den mere"
Klagefrist og indgivelse af klage via klageportalen,1,PKN,pkn,"…r for indgivelsen af klagen.</p> <p>Nævnet finder, at kommunen har givet korrekt klagevejledning om klagefrist og indgivelse af klage via klageportalen.</p> <p>Samlet set finder nævnet ikke, at der i"
Skilte i det åbne land,1,PKN,pkn,"…erensstemmelse med den nyeste lokalplan for det tilstødende erhvervsområde, samt den vejledning til skilte i det åbne land, som benyttes af Holbæk og Næstved Kommune.</p> <p>Kommunens oplysning om mu"
Søgsmålsfrist i Planklagenævnets afgørelse,1,PKN,pkn,"…g vejledning om søgsmålsfrist</h3> <p>Klageren har anført, at der manglede en dato og vejledning om søgsmålsfrist i Planklagenævnets afgørelse, jf. afsnit 2.3.7.</p> <p>Planklagenævnet har den 14. se"
Landzoneadministration - Erhvervsstyrelsen,1,PKN,pkn,"…121 af 25. januar 2017). <a href=""#footnote-ref-2""> &uarr; </a></p> 	</li> 	<li> 	<p>Vejledning om landzoneadministration - Erhvervsstyrelsen, juli 2018, s. 60. <a href=""#footnote-ref-3""> &uarr; </a>"
"Miljøstyrelsens vejledning om støj fra motorsportsbaner, afsnit",1,PKN,pkn,…ller være godkendt til gadebrug.</li> <li>Støjen fra motocrosskørslen skal til enhver tid overholde miljøstyrelsens vejledende støjkrav.</li> </ul> <p>Der er ifølge det oplyste ikke givet en miljøgod
Klageoprettelse,1,PKN,pkn,…k.dk men ikke kan komme ind. </em></p> <p>Nævnenes Hus medsendte i samme mail en minivejledning til Klageoprettelse.</p> <p>Den 20. december 2017 blev advokaten vejledt telefonisk om anvendelsen af K
Landzoneadministration er anført,1,PKN,pkn,"…or klagen indgives for ikke at miste klageadgangen.</p> <p>Klager anfører, at det i vejledningen om landzoneadministration er anført, at indretning af naturskoler kan ske uden landzonetilladelse i ek"
Anvendelse af Klageportalen,1,PKN,pkn,"…betjening.</p> <p>Planklagenævnet finder, at klager den 28. oktober 2016 har modtaget vejledning om anvendelse af Klageportalen, samt modtaget oplysning om, at klagen ikke behandles forinden, den er "
Landzoneadministrationsvejledningen,1,PKN,pkn,…ve behov for en ekstra bolig på den oprindelige ejendom. </em></p> <p>Klager henviser endvidere til Landzoneadministrationsvejledningens s. 59 og citerer herfra:</p> <p><em> I tilfælde hvor formålet 
Landzonebestemmelserne,1,PKN,pkn,"…nregulering ikke har varetaget landskabelige og planlægningsmæssige hensyn, som administrationen af landzonebestemmelserne foreskriver.</p> <h2>Sagens oplysninger</h2> <p><em> Ejendommen og området <"
Vejledning nr. 10047 af 6. december 2024,1,PKN,pkn,"…lcelleanl&aelig;g i det &aring;bne land.</p><p><a href=""#_ftnref58"" name=""_ftn58"" title="""">[58]</a> Vejledning nr. 10047 af 6. december 2024 om planl&aelig;gning for lokalplanpligtige solcelleanl&ael"
Erhvervsstyrelsens vejledning om lokalplanl,1,PKN,pkn,"…gelsen af planen.&nbsp;</p><p>Klageren har i den forbindelse anf&oslash;rt, at kommunen i strid med Erhvervsstyrelsens vejledning om lokalplanl&aelig;gning for bevaringsv&aelig;rdige milj&oslash;er <"
Erhvervsstyrelsens vejledning om fremgangsm,1,PKN,pkn,"…gelsen af planen.&nbsp;</p><p>Klageren har i den forbindelse anf&oslash;rt, at kommunen i strid med Erhvervsstyrelsens vejledning om lokalplanl&aelig;gning for bevaringsv&aelig;rdige milj&oslash;er <"
Muligheden for at klage over dette,1,PKN,pkn,…kommunen har afvist en r&aelig;kke af klagerens klagepunkter uden at give klageren en vejledning om muligheden for at klage over dette.&nbsp;</p><p>&nbsp;</p><p>Planklagen&aelig;vnet har ikke kompete
Vejledning nr. 9755 af 29. september 2023,1,PKN,pkn,"…ninger til &sect; 5 b.</p></div><div id=""ftn7""><p><a href=""#_ftnref7"" name=""_ftn7"" title="""">[7]</a> Vejledning nr. 9755 af 29. september 2023 om udviklingsomr&aring;der i kystn&aelig;rhedszonen, Plan"
Erhvervsstyrelsens vejledning om udviklingsomr,1,PKN,pkn,"…stn&aelig;rhedszonen</h3><h4>2.3.1. Klagen</h4><p>Det fremg&aring;r af klagen, at der if&oslash;lge Erhvervsstyrelsens vejledning om udviklingsomr&aring;der, kun kan s&oslash;ges om byudvikling inden"
Erhvervsstyrelsens vejledning om planl,1,PKN,pkn,"…nye vindm&oslash;ller. I forl&aelig;ngelse heraf fremg&aring;r det, at retningslinjen f&oslash;lger Erhvervsstyrelsens vejledning om planl&aelig;gning for og tilladelse til opstilling af vindm&oslash"
Den rette instans,1,PKN,pkn,"…pr&aelig;cis i sin klage af 4. maj 2023, at han ikke klagede som vejledt om i klagevejledningen til den rette instans (Planklagen&aelig;vnet) og at han ikke henviste til et sagsnummer.<br>&nbsp;<br>&"
Vejledning nr. 5 af 31. oktober 1993,1,PKN,pkn,"…, juni 2006, afsnit 5.</p></div><div id=""ftn7""><p><a href=""#_ftnref7"" name=""_ftn7"" title="""">[7]</a> Vejledning nr. 5 af 31. oktober 1993 om beregning af ekstern st&oslash;j fra virksomheder.</p></div"
Hvilke forandringer,1,PKN,pkn,"…em></p>  <p style=""margin-left:14.4pt; margin-right:0cm""><em>I har tidligere modtaget vejledning om hvilke forandringer, der eventuelt kan opn&aring; tilladelse hvis de andre tilbagef&oslash;res.</em"
Klagemuligheder,1,PKN,pkn,"…;vnet klageren til at rette henvendelse til kommunen med henblik p&aring; at f&aring; vejledning om klagemuligheder.</p>  <p style=""margin-left:0cm; margin-right:0cm"">&nbsp;</p>  <h1>3. Afsluttende b"
Erhvervsstyrelsens vejledning om landzoneadministration ikke b,1,PKN,pkn,"…nomr&aring;det ikke er lovlige, og at planerne lovligg&oslash;r aktiviteter, der efter planloven og Erhvervsstyrelsens vejledning om landzoneadministration ikke b&oslash;r placeres i det &aring;bne l"
Klagernes advokat,1,PKN,pkn,"…hvorfor kommunen med rette har sendt afg&oslash;relsen af 3. august 2017 inkl. klagevejledning til klagernes advokat. </span></p>  <p style=""margin-left:0cm; margin-right:0cm"">&nbsp;</p>  <p style=""m"
Vejledning nr. 153 af 3. september 1991,1,PKN,pkn,"…olor:blue; text-decoration:underline"" title="""">[2]</a> Milj&oslash;- og F&oslash;devareministeriets vejledning nr. 153 af 3. september 1991 om pensionisters ret til hel&aring;rsbeboelse i sommerhusom"
Erhvervsstyrelsens vejledning om kommunernes planl,1,PKN,pkn,"…eft:0cm; margin-right:0cm"">Klageren anf&oslash;rer, at kommunen burde have lagt v&aelig;gt p&aring; Erhvervsstyrelsens vejledning om kommunernes planl&aelig;gning for store sommerhuse i forbindelse m"
Borgeren,1,PKN,pkn,"…er desuden i bem&aelig;rkningerne til klagen, at kommunens restriktive praksis er en vejledning til borgeren, der betyder, at s&aring;fremt man &oslash;nsker en dispensation, s&aring; skal ans&oslash"
Lokalplanens bestemmelser om bebyggelsesprocent,1,PKN,pkn,"…sagen, jf. afsnit 2.6.1, ikke har karakter af et afslag p&aring; dispensation, men en vejledning om lokalplanens bestemmelser om bebyggelsesprocent. Planklagen&aelig;vnet finder derfor ikke, at kommu"
Erhvervsstyrelsens vejledning om landzoneadministration,1,PKN,pkn,"…m&oslash;dekomme en investors &oslash;konomiske interesser. Klageren henviser i den forbindelse til Erhvervsstyrelsens vejledning om landzoneadministration<em>.</em></span></p>  <p style=""margin-left"
Vejledning nr. 10076 af 5. juni 2018,1,PKN,pkn,"…coration:underline"" title=""""><span style=""color:#000000"">[4]</span></a><span style=""color:#000000""> Vejledning nr. 10076 af 5. juni 2018.</span></p> </div>  <div> <p style=""margin-left:5.65pt; margin"
Vejledning nr. 9392 af 1. maj 2017,1,PKN,pkn,"…""color:#000000"">[2]</span></a><span style=""color:#000000"">&nbsp; Planklagen&aelig;vnet henviser til vejledning nr. 9392 af 1. maj 2017 om h&aring;ndh&aelig;velse af naturbeskyttelsesloven, planloven "
Klageren som interessent i sagen,1,PKN,pkn,"…individuel interesse i sagen. Kommunen sendte derudover den 4. februar 2021 en klagevejledning til klageren som interessent i sagen. Klageren mener p&aring; den baggrund, at han har en v&aelig;sentli"
Klagerens advokat,1,PKN,pkn,"…hvorfor kommunen med rette har sendt afg&oslash;relsen af 20. marts 2020 inkl. klagevejledning til klagerens advokat. Dette underst&oslash;ttes i &oslash;vrigt af, at advokaten ikke har givet kommune"
Byggeskik til brug ved nybyggeri,1,PKN,pkn,"…og ovenlysvinduer er i strid med b&aring;de lokalplanens &sect; 9.2 samt lokalplanens vejledning om byggeskik til brug ved nybyggeri, ombygninger samt vedligeholdelse. </span></p>  <p style=""margin-l"
Lovbestemte forhold og plangrundlag med en opsummering af,1,PKN,pkn,"…adelse.</p><p>&nbsp;</p><p>Kommunen oplyser desuden, at dennes besvarelse udgjorde en vejledning om lovbestemte forhold og plangrundlag med en opsummering af, at der i materialerne fra klageren og ej"
Kommuneplanstrategien,1,PKN,pkn,"…h1>1. Klagens indgivelse</h1><p>Frederiksberg Kommune har den 2. december 2019 vedtaget forslag til kommuneplanstrategien, Frederiksbergstrategien 2020.</p><p>Planforslaget blev offentliggjort den 20"
Gebyr har ingen betydning,1,PKN,pkn,"…ens afg&oslash;relser, men kan f&oslash;re til suspension af klagefristen. Mangelfuld vejledning om gebyr har ingen betydning, da rette bel&oslash;b fremg&aring;r af klageportalen. I den konkrete sag"
De forhold der skal iagttages,1,PKN,pkn,"…ogmøde den 23. november 2016:</p> <p class=""quote"">Vi giver på dialogmøder en generel vejledning om de forhold der skal iagttages. Jeg har på vores møde vejledt jer i forhold til bygningsreglementets"
Kommuneplantillægget var mangelfuld,1,PKN,pkn,…> <p>2.6.2. Bilag IV-arter 11</p> <p>2.6.3. Klager over miljørapporten 13</p> <p>2.6.4. Klager over kommuneplantillægget 14</p> <p>2.6.5. Øvrige klagepunkter 14</p> <p>3. Planklagenævnets bemærkninge
Håndbog om Miljø og Planlægning ikke kan opretholdes,1,PKN,pkn,…</p> <p>Klageren har navnlig anført:</p> <ul> <li>At de vejledende afstandskrav i Miljøministeriets Håndbog om Miljø og Planlægning ikke kan opretholdes.</li> <li>At der gives tilladelse til at opfør
Håndbog om Miljø og Planlægning ikke kan opretholdes på erhve,1,PKN,pkn,…</p> <p>Klageren har navnlig anført:</p> <ul> <li>At de vejledende afstandskrav i Miljøministeriets Håndbog om Miljø og Planlægning ikke kan opretholdes.</li> <li>At der gives tilladelse til at opfør
Produktionsvirksomheder i kommune- og lokalplanlægningen,1,PKN,pkn,"…Det er kommunens vurdering, at de negative miljømæssige påvirkninger, der måtte være i forhold til produktionsvirksomhederne på havnen, skal belyses og håndteres uddybende i forbindelse med lokalplan"
Klageren samt oplyste,1,PKN,pkn,"…mmunens sagsbehandling.</p> <p>Den 12. november 2018 sendte kommunen ved e-mail klagevejledning til klageren samt oplyste, at der ikke var givet dispensation til byggeriet. Følgende fremgik bl.a. af "
Klagerne har således ikke betydning for,1,PKN,pkn,"…vejledning, idet klagerne ikke er part i sagen, jf. afsnit 2.3.1. Den manglende klagevejledning til klagerne har således ikke betydning for, hvornår klagefristen begyndte at løbe.</p> <p>Det vil sige"
Altaner og bygningsreglementets kap,1,PKN,pkn,"…dsstillende i henhold til lokalplanens bevarende bestemmelser, Frederiksberg Kommunes vejledning om altaner og bygningsreglementets kap. 2.</p> <p class=""quote"">I forlængelse af dispensationen af 12-"
Miljøstyrelsens vejledning om boliger i industriområder,1,PKN,pkn,"…ejdstid samt at kunne være på adressen i tilfælde af tyveri.</p> <p>Kommunen henviste herudover til Miljøstyrelsens vejledning om boliger i industriområder <sup> <a id=""footnote-ref-1"" href=""#footnot"
Klimatilpasningsplaner og klimalokalplaner,1,PKN,pkn,"…ndelse med ændringerne til planloven den 1. juli 2012. Det fremgår af Miljøstyrelsens vejledning om klimatilpasningsplaner og klimalokalplaner, hvoraf det bl.a. fremgår, at</p> <p><em> De emner og kr"
"Miljøstyrelsens vejledning om klimatilpasningsplaner og klimalokalplaner, hvoraf det bl",1,PKN,pkn,"…tagelse heraf, der kom i forbindelse med ændringerne til planloven den 1. juli 2012. Det fremgår af Miljøstyrelsens vejledning om klimatilpasningsplaner og klimalokalplaner, hvoraf det bl.a. fremgår,"
Vejledning nr. 9756 af 11. november 2008,1,PKN,pkn,"…te-ref-1""> ↑ </a></p> </li> <li id=""footnote-2""> <p>Naturklagenævnet Orienterer (NKO) 371/2005 samt vejledning nr. 9756 af 11. november 2008 om kommuneplanlægning, afsnit G.2.3, side 92. <a href=""#fo"
Miljøstyrelsens vejledning om krav til kommuneplanlægning inden for områder med særlige dr,1,PKN,pkn,"…, udgør en særlig risiko i forhold til grundvandet.</p> <p>Klageren finder på den baggrund ikke, at Miljøstyrelsens vejledning om krav til kommuneplanlægning inden for områder med særlige drikkevands"
Lokalplan nr,1,PKN,pkn,"…inger og etablering af boliger i stueetagen på ejendommen [adresse1]. Afgørelserne er truffet efter lokalplan nr. 204-1, Bebyggelsens ydre fremtræden, herunder bl.a. skiltning, omfattende ejendommen "
"Erhvervsstyrelsen vejledning om udviklingsområder, juni",1,PKN,pkn,"…tyrelsen, juni 2006, side 10. <a href=""#footnote-ref-19""> ↑ </a></p> </li> <li id=""footnote-20""> <p>Erhvervsstyrelsen vejledning om udviklingsområder, juni 2017 <a href=""#footnote-ref-20""> ↑ </a></p>"
Naturstyrelsens vejledning om planlægning for og tilladelse til opstilling af vindmøller,1,PKN,pkn,…at kommunen ved sin behandling af ansøgningen har været forpligtet til inddrage og tage hensyn til Naturstyrelsens vejledning om planlægning for og tilladelse til opstilling af vindmøller. <sup> <a i
At klage til Planklagenævnet,1,PKN,pkn,"…gets Ombudsmand henviste i svar af 4. marts 2019 klageren til at følge Ankestyrelsens vejledning om at klage til Planklagenævnet, selvom klageren ikke mener, at han har mulighed for at klage til Plan"
Muligheden for at klage til Natur- og Miljøklagenævnet,1,PKN,pkn,"…orudsætte lokalplanlægning efter planlovens § 13, stk. 2. I afgørelsen indgik en klagevejledning om muligheden for at klage til Natur- og Miljøklagenævnet. Afgørelsen blev ikke påklaget.</p> <p>Efter"
Detailhandelsplanlægning fremgår bl,1,PKN,pkn,"…mindelige i den centrale del af en by eller bydel, herunder butiksformål.</p> <p>Af vejledningen om detailhandelsplanlægning fremgår bl.a. følgende:</p> <p><em> Efter § 5 n, stk. 1, nr. 1, kan der ud"
Detailhandelsplanlægning nr,1,PKN,pkn,"…mindelige i den centrale del af en by eller bydel, herunder butiksformål.</p> <p>Af vejledningen om detailhandelsplanlægning fremgår bl.a. følgende:</p> <p><em> Efter § 5 n, stk. 1, nr. 1, kan der ud"
Indberetning af en kommuneplan m,1,PKN,pkn,…med vedtagelsen af kommuneplan 2017-2029. Hertil henviser anmoderen til ”Kommuneplan. Vejledning om indberetning af en kommuneplan med tilhørende kommuneplanrammer og kommuneplanretningslinjer i Plan
Kommuneplantillæg,1,PKN,pkn,"…munes endelige vedtagelse af lokalplan nr. 1225, Centerområde ved Sønderbrogade og Gammelhavn, samt kommuneplantillæg nr. 46, Gammelhavn, Vejle Midtby, med tilhørende miljørapport.</p> <p>Planklagenæ"
Erhvervsstyrelsens vejledning om detailhandelsplanlægning fra,1,PKN,pkn,"…t kommunen ved vurderingen af, om der foregik detailsalg fra ejendommen, havde taget udgangspunkt i Erhvervsstyrelsens vejledning om detailhandelsplanlægning fra 2017.</p> <p>Det fremgik endvidere af"
Erhvervsstyrelsens vejledning om detailhandelsplanlægning,1,PKN,pkn,"…t kommunen ved vurderingen af, om der foregik detailsalg fra ejendommen, havde taget udgangspunkt i Erhvervsstyrelsens vejledning om detailhandelsplanlægning fra 2017.</p> <p>Det fremgik endvidere af"
Erhvervsstyrelens vejledning om detailhandelsplanlægning som grundlag for kommunens skelnen,1,PKN,pkn,"…ost, som bageriforretningen ikke selv producerer.</p> <p>Kommunen anfører, at denne har henvist til Erhvervsstyrelens vejledning om detailhandelsplanlægning som grundlag for kommunens skelnen mellem "
Lokalplanlægning fremgår,1,PKN,pkn,"…mod projektet, inden kommunen traf afgørelse.</p> <p>Klagerne henviser til, at det i vejledning om lokalplanlægning fremgår, at begrundelsen for en dispensation skal tage udgangspunkt i lokalplanen o"
Håndbog om Miljø og Planlægning er anført en række anbefaling,1,PKN,pkn,"…e, at de vejledende afstandskrav i håndbogen efter klagerens opfattelse ikke er overholdt.</p> <p>I Håndbog om Miljø og Planlægning er anført en række anbefalinger til afstand mellem boliger og forsk"
Håndbog om Miljø og Planlægning udelukkende udgør et hjælpere,1,PKN,pkn,"…e, at de vejledende afstandskrav i håndbogen efter klagerens opfattelse ikke er overholdt.</p> <p>I Håndbog om Miljø og Planlægning er anført en række anbefalinger til afstand mellem boliger og forsk"
Skydebaner fastslår,1,PKN,pkn,"…styrelsens vejledning om skydebaner.</p> <p>Kommunen henviser til, at Miljøstyrelsens vejledning om skydebaner fastslår, at der som udgangspunkt er lokalplanpligt for etablering af skydebaner. Ifølge"
Skydebane,1,PKN,pkn,"<p>Faaborg-Midtfyn Kommune har den 31. august 2018 truffet afgørelse om, at etablering af flugtskydebane i Kræmmerhaven Skov, [matrikel1], [matrikel2], [matrikel3], er lokalplanpligtig. Kommunen har d"
"Miljøstyrelsens vejledning om støj fra skydebaner, hvilket medfører, at kommunen er forpli",1,PKN,pkn,"…imale støjbelastning for skydebanen er 62 dB(A), og at der er ansøgt om den maksimale skydetid, jf. Miljøstyrelsens vejledning om skydebaner.</p> <h3>2.3. Kommunens afgørelse</h3> <p>Faaborg-Midtfyn "
"Miljøstyrelsens vejledning om skydebaner fastslår, at der som udgangspunkt er lokalplanpli",1,PKN,pkn,"…imale støjbelastning for skydebanen er 62 dB(A), og at der er ansøgt om den maksimale skydetid, jf. Miljøstyrelsens vejledning om skydebaner.</p> <h3>2.3. Kommunens afgørelse</h3> <p>Faaborg-Midtfyn "
Miljøstyrelsens vejledning om skydebane,1,PKN,pkn,"…imale støjbelastning for skydebanen er 62 dB(A), og at der er ansøgt om den maksimale skydetid, jf. Miljøstyrelsens vejledning om skydebaner.</p> <h3>2.3. Kommunens afgørelse</h3> <p>Faaborg-Midtfyn "
Bestemmelsen var anført,1,PKN,pkn,"…es nærmere skel mod anden grund eller sti end 2,5 m, i sommerhusområder dog 5 m. Som vejledning til bestemmelsen var anført, at afstandskravet også gjaldt ved bl.a. altaner, hævede opholdsarealer i d"
Vejledning nr. 9290 af 18. juni 2010,1,PKN,pkn,"…s var bekymret for konsekvenserne af udvidelsen af bymidten.</p><p>Klageren har desuden henvist til vejledning nr. 9290 af 18. juni 2010 om detailhandelsplanl&aelig;gning, hvoraf det fremg&aring;r, a"
Detailhandel,1,PKN,pkn,"…melse. Kommunen henviste ogs&aring; til Erhvervsstyrelsens dav&aelig;rende udkast til vejledning om detailhandel, hvoraf det fremgik, at der i omr&aring;der til s&aelig;rlig pladskr&aelig;vende varer"
Kommunes nye behandling af sagen,1,PKN,pkn,"…real på 4 m2 er opgjort. </em></p> <p>Nævnets afgørelse indeholdte afslutningsvis en vejledning til kommunes nye behandling af sagen, hvor det bl.a. fremgik, at:</p> <p>[…]</p> <p><em> 4) Med hensyn "
Byggesagen,1,PKN,pkn,"…der ved Næstved Kommune, som gav vejledningen, direkte adspurgt afviste at tilføje vejledningen til byggesagen, da byggetilladelsen til den overdækkede terrasse allerede var givet. Klageren har herti"
Afsnit B,1,PKN,pkn,"…3""> ↑ </a></p> </li> <li id=""footnote-4""> <p>BR 15, bilag 1.1 om beregningsregler, vejledningen til afsnit B.1.1.3, stk. 4. <a href=""#footnote-ref-4""> ↑ </a></p> </li> <li id=""footnote-5""> <p>BR 15, "
Eventuelt senere brug,1,PKN,pkn,"…jledning, og at kommunen opfordrer ans&oslash;gerne til at notere sig forvaltningens vejledning til eventuelt senere brug.</p>  <p><em>Partsstatus </em></p>  <p>Klagerne oplyser, at kommunen har afvi"
Naturstyrelsens vejledning om placering af solcelleanl,1,PKN,pkn,"….</p>  <p><em>Kommunens bem&aelig;rkninger </em></p>  <p>Kommunen har oplyst, at kommunen har fulgt Naturstyrelsens vejledning om placering af solcelleanl&aelig;g, hvoraf det bl.a. fremg&aring;r, at "
DN Favrskov,1,PKN,pkn,…<h2>1. Sagens oplysninger</h2> <p>Danmarks Naturfredningsforening Favrskov (i det følgende benævnt DN Favrskov) har pr. mail den 29. maj 2017 henvendt sig til Favrskov Kommune angående fjernelse af b
Byggeri i kommunen,1,PKN,pkn,"…is har kommunen bemærket, at ansatte i kommunens kundecenter alene kan yde en generel vejledning om byggeri i kommunen, idet der ikke kan træffes afgørelser i en konkret sag på mundtlig basis.</p> <h"
Støjkortlægning og Støjhandleplaner,1,PKN,pkn,"…Støjfølsom arealanvendelse er fx anvendelse til boligformål, hvilket bl.a. fremgår af Vejledning om Støjkortlægning og Støjhandleplaner, pkt. 17.1. <sup> <a id=""footnote-ref-2"" href=""#footnote-2""> [2"
Landzoneadministration og lighedsgrundsætningen,1,PKN,pkn,"…er i strid med den tidligere gældende kommuneplan, planlovens § 13, stk. 1, nr. 1, vejledningen om landzoneadministration og lighedsgrundsætningen.</p> <h2>2. Sagens oplysninger</h2> <h3>2.1. Forløbe"
Landzoneadministration for boligbyggeri i landsbyer,1,PKN,pkn,"…er i strid med den tidligere gældende kommuneplan, planlovens § 13, stk. 1, nr. 1, vejledningen om landzoneadministration og lighedsgrundsætningen.</p> <h2>2. Sagens oplysninger</h2> <h3>2.1. Forløbe"
Landzoneadministration ikke omhandler reglerne om vedtagelse af planer,1,PKN,pkn,"…er i strid med den tidligere gældende kommuneplan, planlovens § 13, stk. 1, nr. 1, vejledningen om landzoneadministration og lighedsgrundsætningen.</p> <h2>2. Sagens oplysninger</h2> <h3>2.1. Forløbe"
Grundejerforeninger og lokalplanlægning,1,PKN,pkn,"…lv at udarbejde sine vedtægter.</p> <p>Der kan i en lokalplan optages bestemmelser om oprettelse af grundejerforeninger for nye haveboligområder, erhvervsområder, områder for fritidsbebyggelse eller "
Orienteringen,1,PKN,pkn,"…taget en orientering om, at Nordfyns Kommune den 31. august 2017 vedtog lokalplanen. Det fremgår af orienteringen, at lokalplanen er offentliggjort den 5. september 2017 via plansystem.dk og på kommu"
Natur- og Miljøklagenævnets,1,PKN,pkn,"…r præg af, at kommunen ikke har læst indsigelserne.</li> <li>Kommunen har givet klagevejledning til Natur- og Miljøklagenævnets, hvilket er forkert.</li> </ul> <p>Klager 1 har den 22. september 2017 "
Natur- og Miljøklagenævnet inkl,1,PKN,pkn,"…erne solceller, som var opsat på ejendommens tag.</p> <p>I afgørelsen indgik en klagevejledning til Natur- og Miljøklagenævnet inkl. klagefrist samt en henvisning til Klageportalen.</p> <p>2.2.2. Afg"
Håndbog om Miljø og planlægning,1,PKN,pkn,"…mråde 2 udlægges til havneerhverv i virksomhedsklasse 3-6 efter kommuneplanen og Miljøministeriets ”Håndbog om Miljø og planlægning – boliger og erhverv i byerne”, 2004. Se bilag A” </em></p> <p>Bila"
Energiklagenævnet,1,PKN,pkn,"…yggesagen. Afgørelsen sendes i kopi til de hørte naboer, herunder klager 1, med klagevejledning til Energiklagenævnet.</p> <p>Den 8. december 2016 påklager klager 1 afgørelsen til Energiklagenævnet. "
Både Natur- og Miljøklagenævnet og Statsforvaltningen,1,PKN,pkn,"…ns 2. Afdelings godkendelse.</p> <p>Afgørelsen er vedlagt klagevejledning, hvori der er henvist til både Natur- og Miljøklagenævnet, Statsforvaltningen og Vejdirektoratet, og det fremgår, at der skal"
Grænseværdier for lydgener og afstand til naboskel,1,PKN,pkn,"…a. anført, at du blev henvist til Miljø- og Fødevareministeriet, hvor du herefter fik vejledning om grænseværdier for lydgener og afstand til naboskel. Virksomheden fik herefter tilladelse fra Midt- "
Eventuelle relevante klageinstanser,1,Aktindsigt,mfkn,"…r, som vedr&oslash;rer anden lovgivning, herunder planloven, skal kommunen give klagevejledning til eventuelle relevante klageinstanser.</p><p style='margin: 2px 0px; padding: 2px 10px 2px 0px; line-"
Eventuelle andre relevante klageinstanser,1,Aktindsigt,mfkn,"…ommunen har truffet afg&oslash;relse efter anden lovgivning, skal kommunen give klagevejledning til eventuelle andre relevante klageinstanser.</p><p>&nbsp;</p><h3>2.2 Den p&aring;klagede afg&oslash;r"
Vejledning nr. 10564 af 14. juni 2016,1,Aktindsigt,mfkn,"…ts direktiv 90/313/E&Oslash;F (2003/4). <a href=""#footnote-ref-5""> &uarr; </a></p> 	</li> 	<li> 	<p>Vejledning nr. 10564 af 14. juni 2016 om aktindsigt i milj&oslash;oplysninger. <a href=""#footnote-r"
Miljø- og Fødevareministeriets departement,1,Aktindsigt,mfkn,…stk. 6.</p> <p>Miljø- og Fødevareklagenævnet afviser at realitetsbehandle klage over afgørelse fra Miljø- og Fødevareministeriet af 10. maj 2017 om stadfæstelse af Miljøstyrelsens afgørelse af 13. ma
Rottehullet,1,Aktindsigt,mfkn,"…er beskrevet p&aring; side 11 i vejledningen fra Danmarks Milj&oslash;portal &rdquo;Vejledning til Rottehullet&rdquo; fra 2015. Konkret drejer anmodningen sig om oplysningerne: &rdquo;kommune, vej, h"
Klager ved at henvise til Natur- og Miljøklagenævnet,1,Aktindsigt,mfkn,…<li>at Ishøj Kommune ved tidligere afgørelser om aktindsigt har meddelt korrekt klagevejledning til klager ved at henvise til Natur- og Miljøklagenævnet.<br />at kommunen blev opmærksom på den forker
Statsforvaltningen med den begrundelse,1,Aktindsigt,mfkn,"…klager har som part i at opnå aktindsigt.</p> <p>Kommunen har herefter meddelt klagevejledning til statsforvaltningen med den begrundelse, at statsforvaltningen er klageinstans for afgørelser efter b"
Klageadgang med angivelse af klageinstans,1,Aktindsigt,mfkn,"…il anden forvaltningsmyndighed, skal, når de meddeles skriftligt, være ledsaget af en vejledning om klageadgang med angivelse af klageinstans (...) Det gælder dog ikke, hvis afgørelsen fuldt ud giver"
Den pågældende afgørelse,1,Aktindsigt,mfkn,"…nere ændringer</dd></dl> <p>Ved brev af 6. oktober 2011 gav Slagelse Kommune en klagevejledning til den pågældende afgørelse. Kommunen oplyste, at afgørelsen kunne påklages til Natur- og Miljøklagenæ"
Brug herfor,1,Aktindsigt,mfkn,"…ave kontaktet klager med henblik på en præcisering af klagers anmodning og nødvendig vejledning til brug herfor.       </p>        <p class=""Citat"">         (...)       </p>        <p class=""Citat""> "
Tatovering samt retningslinjer for,1,Dyresundhed og –velfærd,mfkn,"…overing af svin. I den forbindelse har klager anmodet dyrl&aelig;gen om at fremsende vejledning til tatovering samt retningslinjer for, hvorn&aring;r F&oslash;devarestyrelsen giver indsk&aelig;rpelse"
Tatovering af grise,1,Dyresundhed og –velfærd,mfkn,"…dquo;bedst muligt&rdquo;, ligesom styrelsen heller ikke har vejledt n&aelig;rmere om procedurer ved tatovering af grise, herunder metoder til, hvordan fejlplacering helt undg&aring;s. Som f&oslash;lg"
At bruge liften,1,Dyresundhed og –velfærd,mfkn,"…g;sning. Det fremg&aring;r af kontrolrapporten, at chauff&oslash;ren havde behov for vejledning til at bruge liften, og at han f&oslash;rst ville tage liften i brug uden, at den var horisontal. Styre"
Ikke at ville meddele sanktioner,1,Dyresundhed og –velfærd,mfkn,"…sen har yderligere bem&aelig;rket, at styrelsen ikke kan genkende at skulle have ydet vejledning om ikke at ville meddele sanktioner, hvis transporten var forh&aring;ndsvalideret af styrelsen. Hertil"
Aflivningsforord-ningen,1,Dyresundhed og –velfærd,mfkn,"…left:0cm; margin-right:0cm"">Det f&oslash;lger af afsnit 4.9, i K&oslash;dkontrollens vejledning til aflivningsforord-ningen, at f&oslash;lgende er indikatorer for utilstr&aelig;kkelig bed&oslash;vels"
Hestetilsyn ud fra forarbejderne,1,Dyresundhed og –velfærd,mfkn,"…; 16 i bekendtg&oslash;relse nr. 1746 af 30. november 2020 er fortolket i styrelsens vejledning til hestetilsyn ud fra forarbejderne. Styrelsen har i den forbindelse oplyst, at reglerne skal fortolke"
Vejledning nr. 153 af 22. september 1987,1,Dyresundhed og –velfærd,mfkn,"…Miljø- og Fødevareklagenævnet. <a href=""#footnote-ref-3""> ↑ </a></p> </li> <li id=""footnote-4""> <p>Vejledning nr. 153 af 22. september 1987 om udarbejdelse af administrative forskrifter. <a href=""#fo"
Transportegnethed for lignende forhold,1,Dyresundhed og –velfærd,mfkn,"…r Fødevarestyrelsen oplyst, at klager flere gange inden for de seneste to år har fået vejledning om transportegnethed for lignende forhold. Herunder er klager den 2. oktober 2019 blevet vejledt om tr"
Sundhedsrådgivningsaftaler for svinebesætninger,1,Dyresundhed og –velfærd,mfkn,"…ljø- og Fødevareklagenævnet har truffet afgørelse efter § 34, stk. 2 og stk. 7, i bekendtgørelse om sundhedsrådgivningsaftaler for svinebesætninger, <sup> <a id=""footnote-ref-2"" href=""#footnote-2""> ["
Transportegnethed ved øresår,1,Dyresundhed og –velfærd,mfkn,"…rt, at grisenes almentilstand ved læsning var upåklagelig, hvorfor klager har fulgt vejledningen om transportegnethed ved øresår. I medfør heraf er grise med øresår transportegnede, når sårene har go"
Embedsdyrlæger,1,Dyresundhed og –velfærd,mfkn,"…af. I den forbindelse har styrelsen henvist til styrelsens transportguide, som er en vejledning til embedsdyrlæger, samt til vejledningen om øreskader fra Seges, som er en vejledning til landmænd. Af"
Øreskader fra Seges,1,Dyresundhed og –velfærd,mfkn,"…st til styrelsens transportguide, som er en vejledning til embedsdyrlæger, samt til vejledningen om øreskader fra Seges, som er en vejledning til landmænd. Af vejledningen om øreskader fra Seges frem"
Landmænd,1,Dyresundhed og –velfærd,mfkn,"…jledning til embedsdyrlæger, samt til vejledningen om øreskader fra Seges, som er en vejledning til landmænd. Af vejledningen om øreskader fra Seges fremgår følgende:</p> <p>”Øresår og rifter må ikke"
Dokumentation af kontrol på veterinærområdet har styrelsen bemærket,1,Dyresundhed og –velfærd,mfkn,"…e til transport, transportere. Klager har endvidere citeret følgende fra bilag 11 c i vejledning om dokumentation af kontrol på veterinærområdet:</p> <p>”Er overtrædelsen endnu ikke sket, f.eks. ved "
Ikke-transportegnede dyr på kontrolrapporten,1,Dyresundhed og –velfærd,mfkn,"….nr. [...] (trækker) og [...] (trailer), at otte af grisene ikke var transportegnede. Under de otte ikke-transportegnede dyr var der fem grise med en skønnet kropsvægt på 28-34 kg, der havde navlebro"
Velfærdskontrol i svinebesætninger,1,Dyresundhed og –velfærd,mfkn,"…te-ref-4""> ↑ </a></p> </li> <li id=""footnote-5""> <p>Pkt. 5.3.6. i Fødevarestyrelsens vejledning til velfærdskontrol i svinebesætninger, revideret februar 2017. <a href=""#footnote-ref-5""> ↑ </a></p> <"
Vejledning nr. 9073 af 24. marts 2011,1,Dyresundhed og –velfærd,mfkn,"…Miljø- og Fødevareklagenævnet. <a href=""#footnote-ref-3""> ↑ </a></p> </li> <li id=""footnote-4""> <p>Vejledning nr. 9073 af 24. marts 2011 til bekendtgørelse om rengøring og desinfektion af transportmi"
Mulige konsekvenser,1,Dyresundhed og –velfærd,mfkn,"…og medicinering, og dette ansvar kan ikke flyttes over på Fødevarestyrelsen ved deres vejledning om mulige konsekvenser.</p><p></p><p><a id=""iq3""> </a><a id=""q3""> </a></p><h2>Oplysninger i sagen</h2>"
Gult kort antibiotika,1,Dyresundhed og –velfærd,mfkn,…én gang og var bestemt til opblanding i foder eller vand. Påbuddet og forbuddet betegnes samlet som Gult kort antibiotika.</p><p>Fødevareministeriets Klagecenter har behandlet klagen og fastholder af
Vejledning nr. 9700 af 25. juli 2025,1,Fødevarer,mfkn,"…h;- og F&oslash;devareklagen&aelig;vnet mv.</p><p><a href=""#_ftnref4"" name=""_ftn4"" title="""">[4]</a> Vejledning nr. 9700 af 25. juli 2025 om f&oslash;devarehygiejne.</p>…"
Vejledning nr. 9078 af 10. februar 2021,1,Fødevarer,mfkn,"…h;- og F&oslash;devareklagen&aelig;vnet mv.</p><p><a href=""#_ftnref4"" name=""_ftn4"" title="""">[4]</a> Vejledning nr. 9078 af 10. februar 2021 om tilbagetr&aelig;kning og tilbagekaldelse af f&oslash;dev"
Udarbejdelse af risikoanalyse,1,Fødevarer,mfkn,"…r f&oslash;devarer. Klager har desuden anf&oslash;rt, at klager ikke har modtaget den vejledning om udarbejdelse af risikoanalyse, som fremg&aring;r af kontrolrapporten, og ikke har f&aring;et udleve"
Vejledning nr. 9161 af 27. februar 2025,1,Fødevarer,mfkn,"…vedr&oslash;rende f&oslash;devaresikkerhed.</p><p><a href=""#_ftnref5"" name=""_ftn5"" title="""">[5]</a> Vejledning nr. 9161 af 27. februar 2025 om autorisation og registrering af f&oslash;devarevirksomhe"
Vejledning nr. 9179 af 5. marts 2025,1,Fødevarer,mfkn,"…vedr&oslash;rende f&oslash;devaresikkerhed.</p><p><a href=""#_ftnref6"" name=""_ftn6"" title="""">[6]</a> Vejledning nr. 9179 af 5. marts 2025 om mikrobiologiske kriterier.</p><p><a href=""#_ftnref7"" name="""
Vejledning nr. 9923 af 1. november 2024,1,Fødevarer,mfkn,"…f&oslash;devareinformation til forbrugerne.</p><p><a href=""#_ftnref5"" name=""_ftn5"" title="""">[5]</a> Vejledning nr. 9923 af 1. november 2024 om f&oslash;devarer til s&aelig;rlige grupper.</p><p><a hre"
Vejledning nr. 9974 af 30. juni 2022,1,Fødevarer,mfkn,"…vareklagen&aelig;vnet.</p></div><div id=""ftn4""><p><a href=""#_ftnref4"" name=""_ftn4"" title="""">[4]</a> Vejledning nr. 9974 af 30. juni 2022 om mikrobiologiske kriterier for f&oslash;devarer.</p></div>…"
Registrering som catering med levering til detail,1,Fødevarer,mfkn,…;devareklagen&aelig;vnet har ikke kompetence til at behandle klagen over den meddelte vejledning om registrering som catering med levering til detail.<br>Det er Milj&oslash;- og F&oslash;devareklagen
Disse krav,1,Fødevarer,mfkn,"…ige krav vedr&oslash;rende eksport af k&oslash;d og k&oslash;dprodukter til USA. Med henvisning til disse krav har styrelsen angivet, at det p&aring;virkede produkt som minimum skal tilbageholdes, in"
Ompakning,1,Fødevarer,mfkn,"…kontamineret, samtidig med at der er s&aring; lille risiko ved forholdet, at der foresl&aring;s en ompakning. Klager har i den forbindelse henvist til, at der i hygiejnevejledningen ikke er angivet n"
Vejledning nr. 10380 af 16. december 2922,1,Fødevarer,mfkn,"…vareklagen&aelig;vnet.</p></div><div id=""ftn4""><p><a href=""#_ftnref4"" name=""_ftn4"" title="""">[4]</a> Vejledning nr. 10380 af 16. december 2922 in ud&oslash;velse af k&oslash;dkontrol.</p></div>…"
Anvendelse af sundhedsanprisninger,1,Fødevarer,mfkn,"…dhedsanprisninger var en bagatelagtig overtr&aelig;delse som f&oslash;rte til generel vejledning om anvendelse af sundhedsanprisninger.</p>  <p style=""margin-left:0cm; margin-right:0cm"">P&aring; bagg"
Udarbejdelse af risikoanalysen,1,Fødevarer,mfkn,"…ysens indhold og form&aring;l. Derudover har styrelsen redegjort for indholdet af den vejledning om udarbejdelse af risikoanalysen, som blev givet under kontrolbes&oslash;get den 26. juli 2023.</span"
Risikovurdering,1,Fødevarer,mfkn,"…9. If&oslash;lge styrelsen blev der, i henhold til kontrolrapporten, ogs&aring; givet vejledning om risikovurdering, og klagers risikoanalyse og HACCP-plan blev kontrolleret uden anm&aelig;rkninger. "
Anvendelse af insektnet,1,Fødevarer,mfkn,"…ence til at behandle den del af klagen, der vedr&oslash;rer F&oslash;devarestyrelsens vejledning om anvendelse af insektnet. Dette forhold er ikke lagt til grund for en afg&oslash;relse efter f&oslas"
Byggevarer godkendt til drikkevand,1,Fødevarer,mfkn,"…>[13]</span></a><span style=""color:#000000;"">&nbsp;Trafik-, Bygge- og Boligstyrelsens Vejledning om byggevarer godkendt til drikkevand.</span></p></div><div><p style=""margin-left:0cm; margin-right:0c"
Importen,1,Fødevarer,mfkn,"…Efter klagers opfattelse har klager handlet i god tro ved at s&oslash;ge styrelsens vejledning til importen. Klager har desuden bem&aelig;rket, at styrelsens autosvar ikke er korrekt vejledning om ti"
Sporbarhedsdokumentation,1,Fødevarer,mfkn,"…t under kontrolbes&oslash;get, at styrelsen har vejledt klager generelt vedr&oslash;rende regler om sporbarhedsdokumentation, herunder tydelig identifikation af k&oslash;ber, s&aelig;lger og f&oslash"
Fortolkningen af reglerne,1,Fødevarer,mfkn,"…eraf har F&oslash;devarestyrelsen oplyst, at styrelsen har spurgt EU-Kommissionen om vejledning til fortolkningen af reglerne. Fra Kommissionens svar har styrelsen fremh&aelig;vet, at stoffet ikke sk"
Vejledning nr. 9346 af 7. april 2017,1,Fødevarer,mfkn,"…div> <p style=""margin-left:0cm; margin-right:0cm""><a href=""#_ftnref4"" name=""_ftn4"" title="""">[4]</a> Vejledning nr. 9346 af 7. april 2017 om tils&aelig;tningsstoffer.</p> </div>  <div> <p style=""margi"
Vejledning nr. 9504 af 25. juni 2021,1,Fødevarer,mfkn,"…div> <p style=""margin-left:0cm; margin-right:0cm""><a href=""#_ftnref6"" name=""_ftn6"" title="""">[6]</a> Vejledning nr. 9504 af 25. juni 2021 om ud&oslash;velse af k&oslash;dkontrol.</p> </div>  <div> <p "
Vejledning nr. 9437 af 17. september 2012,1,Fødevarer,mfkn,"…div> <p style=""margin-left:0cm; margin-right:0cm""><a href=""#_ftnref3"" name=""_ftn3"" title="""">[3]</a> Vejledning nr. 9437 af 17. september 2012 om eksport af f&oslash;devarer (nu: vejledning nr. 9703 a"
Vejledning nr. 9066 af 21. februar 2013,1,Fødevarer,mfkn,"…div> <p style=""margin-left:0cm; margin-right:0cm""><a href=""#_ftnref5"" name=""_ftn5"" title="""">[5]</a> Vejledning nr. 9066 af 21. februar 2013 om holdbarhedsvurdering af f&oslash;devarer for Listeria mo"
Certifikat,1,Fødevarer,mfkn,"…oprindelse af status for k&oslash;dr&aring;varer, der indg&aring;r i en sending omfattet af eksportcertifikat til Filippinerne, La23,0-6064, vandm&aelig;rke nr. [F1], udstedt den 8. december 2021.&nb"
Vejledning nr. 9808 af 23. december 2005,1,Fødevarer,mfkn,"…div> <p style=""margin-left:0cm; margin-right:0cm""><a href=""#_ftnref5"" name=""_ftn5"" title="""">[5]</a> Vejledning nr. 9808 af 23. december 2005 om f&oslash;devarehygiejne.</p> </div>  <div> <p style=""ma"
Valg af loft,1,Fødevarer,mfkn,"…m, at indsk&aelig;rpelsen bortfalder samt, at F&oslash;devarestyrelsen i stedet giver vejledning om valg af loft.</p>  <p style=""margin-left:0cm; margin-right:0cm"">&nbsp;</p>  <p style=""margin-left:0"
Vejledning nr. 11234 af 1. december 2015,1,Fødevarer,mfkn,"…nref5"" name=""_ftn5"" title=""""><span style=""color:#000000"">[5]</span></a><span style=""color:#000000""> Vejledning nr. 11234 af 1. december 2015 om hygiejneregler for ferske fiskevarer til og med f&oslas"
Samme forhold,1,Fødevarer,mfkn,"…rer via drys og nedfald af fremmedlegemer fra loftskonstruktionen, samt den tidligere vejledning om samme forhold. N&aelig;vnet bem&aelig;rker i den sammenh&aelig;ng, at en indsk&aelig;rpelse er den "
De forhold,1,Fødevarer,mfkn,"…udfyldt under kontrolbes&oslash;get, at klager ikke havde nogen bem&aelig;rkninger til de konstaterede forhold.</p>  <p style=""margin-left:0cm; margin-right:0cm"">&nbsp;</p>  <p style=""margin-left:0cm"
Regelgrundlaget,1,Fødevarer,mfkn,"…m. Efter klagers opfattelse havde det imidlertid v&aelig;ret tilstr&aelig;kkeligt med vejledning om regelgrundlaget, idet der skal anvendes den sanktion, der er n&oslash;dvendig for at der rettes op "
Reglerne for sporbarhedsdokumentation,1,Fødevarer,mfkn,"…&aelig;vnet ikke har kompetence til at behandle klagen over F&oslash;devarestyrelsens vejledning om reglerne for sporbarhedsdokumentation.</p>  <p style=""margin-left:0cm; margin-right:0cm"">&nbsp;</p>"
Vejledning nr. 9613 af 25. juli 2019,1,Fødevarer,mfkn,"…div> <p style=""margin-left:0cm; margin-right:0cm""><a href=""#_ftnref4"" name=""_ftn4"" title="""">[4]</a> Vejledning nr. 9613 af 25. juli 2019 om f&oslash;devarehygiejne.</p> </div> </div>…"
Tilsætningsstoffer,1,Fødevarer,mfkn,"…jælpestoffets funktion fra producenten. Herom har styrelsen henvist til kapitel 8.2 i vejledning om tilsætningsstoffer af 10. april 2017. Styrelsen har angivet, at den vegetabilske olie på kontroltid"
Kontrol af hestepas i forbindelse med slagtning,1,Fødevarer,mfkn,"…ved et kontrolbesøg den 26. maj 2020 konstateret, at det af et fremvist dokument med procedurer for kontrol af hestepas og indhentning af fødevarekædeoplysninger fremgik følgende: ”udgangspunktet i d"
Anmeldelse af ejerskifte,1,Fødevarer,mfkn,"…melde ejerskiftet til Fødevarestyrelsen, jf. autorisationsbekendtgørelsens § 37, stk. 1.</p> <p>Ved anmeldelse af ejerskifte skal virksomheder anvende den digitale formular om autorisation og registr"
Forbrugerne,1,Fødevarer,mfkn,"…020 om påbud om at ændre markedsføringen af to produkter, således at markedsføringen ikke vildleder forbrugerne.</p> <p>Miljø- og Fødevareklagenævnets afgørelse er endelig og kan ikke indbringes for "
"Miljøministeriets vejledning om rotter, mus og fødevarevirksomheder af",1,Fødevarer,mfkn,"…en, skubbe afløbsristen til side og derved få adgang til køkkenet. Videre har styrelsen henvist til Miljøministeriets vejledning om rotter, mus og fødevarevirksomheder af 6. juni 2011, afsnit 5.9, hv"
Et planlagt nyt produkt,1,Fødevarer,mfkn,…nkter vedrørende en mail fra Fødevarestyrelsen af 22. september 2016 med blandt andet vejledning om et planlagt nyt produkt.</p> <h3>Fødevarestyrelsens bemærkninger til klagen</h3> <p>Fødevarestyrels
At ændre adresse,1,Fødevarer,mfkn,"…rligere har klager angivet, at begrundelsen for indskærpelsen har været den tidligere vejledning om at ændre adresse. Klager har i den forbindelse henvist til, at der ikke på tidligere kontrolrapport"
Adresseændring sted,1,Fødevarer,mfkn,"…at der ikke på tidligere kontrolrapporter findes dokumentation for, at der har fundet vejledning om adresseændring sted. På denne baggrund har klager anmodet om, at indskærpelsen trækkes tilbage.</p>"
Opsætning af et skilt eller lignende i forhold til allergener,1,Fødevarer,mfkn,"…givningsområdet mærkning og information. I den forbindelse har styrelsen ydet konkret vejledning om opsætning af et skilt eller lignende i forhold til allergener. Hertil har styrelsen bemærket, at de"
At have fødevarer liggende på frost efter sidste anvendelsesdato,1,Fødevarer,mfkn,"…f har klager redegjort for medarbejdernes affaldshåndtering, samt den tilsynsførendes vejledning om at have fødevarer liggende på frost efter sidste anvendelsesdato.</p> <p>Klager har endvidere henvi"
Vurdering af bagatelgrænser på fødevare- og foderområdet,1,Fødevarer,mfkn,"…evareklagenævnet. <a href=""#footnote-ref-3""> ↑ </a></p> </li> <li id=""footnote-4""> <p>Vejledning om vurdering af bagatelgrænser på fødevare- og foderområdet, april 2018. <a href=""#footnote-ref-4""> ↑ "
Konkrete løsningsforslag til opbevaring af certifikatpapir var,1,Fødevarer,mfkn,"…sanktion meddeles.</p> <p>Derudover har Fødevarestyrelsen anført, at baggrunden for vejledningen om konkrete løsningsforslag til opbevaring af certifikatpapir var, at virksomheden på daværende tidspu"
Rengøring er blevet fulgt,1,Fødevarer,mfkn,"…nført, at</p> <ul> <li>der ikke er tale om vedvarende dårlig rengøring, og</li> <li>vejledningen om rengøring er blevet fulgt.</li> </ul> <p>Klagepunkterne er nærmere uddybet i afsnit 2.2.</p> <h2>Sa"
Daglig rengøring,1,Fødevarer,mfkn,"…s af med en klud. Efter klagers vurdering er det derfor bevist, at klager har fulgt vejledningen om daglig rengøring, som blev givet året før. Klager har yderligere oplyst, at samtalen blev optaget.<"
Det samme forhold,1,Fødevarer,mfkn,"…varestyrelsen bemærket, at klager på det forrige kontrolbesøg den 9. oktober 2018 fik vejledning om det samme forhold, der konkret blev vurderet til at være en bagatelagtig overtrædelse. Af denne gru"
Sporbarhed,1,Fødevarer,mfkn,"…evarestyrelsen konstaterede ved et kontrolbesøg den 29. oktober 2019, at klager ikke kunne fremvise sporbarhedsdokumentation på</p> <ul> <li>8 stk. [produktnavn1] á 100 g,</li> <li>7 stk. [produktnav"
Flytning af vaskesøjlen,1,Fødevarer,mfkn,"…inger til klagen. Det fremgår af bemærkningerne, at klager, på baggrund af styrelsens vejledning om flytning af vaskesøjlen, som blev givet ved et kontrolbesøg den 6. juni 2018, den 19. juni 2018 hen"
Importørens egenkontrol for import og samhandel af fødevarer,1,Fødevarer,mfkn,"…manglende overholdelse af importreglerne. Styrelsen har i den forbindelse henvist til vejledning om importørens egenkontrol for import og samhandel af fødevarer, hvor importørerne gøres opmærksomme p"
At etablere et forrum til toilettet,1,Fødevarer,mfkn,"…p> <p>Klager har navnlig anført, at:</p> <ul> <li>klager har fulgt Fødevarestyrelsens vejledning om at etablere et forrum til toilettet, og</li> <li>klagers leverandør er blevet opkøbt af en virksomh"
Vejledning nr. 9631 af 5. juli 2019,1,Fødevarer,mfkn,"…Miljø- og Fødevareklagenævnet. <a href=""#footnote-ref-4""> ↑ </a></p> </li> <li id=""footnote-5""> <p>Vejledning nr. 9631 af 5. juli 2019 om fødevarehygiejne. <a href=""#footnote-ref-5""> ↑ </a></p> </li>"
Undtagelse af blomsterhandlere fra registreringspligten,1,Fødevarer,mfkn,"…ringspligt.</p> <p>Endvidere vurderer Miljø- og Fødevareklagenævnet, at eksemplet i vejledningen om undtagelse af blomsterhandlere fra registreringspligten, ikke er sammenligneligt med indeværende sa"
Kontrol af logbøger vedrørende transport af dyr,1,Fødevarer,mfkn,"…er har fået udleveret i forbindelse med at skulle føre logbog, er styrelsens interne vejledning til kontrol af logbøger vedrørende transport af dyr. Hertil er det oplyst, at bestemmelserne om beskytt"
De konstaterede forhold,1,Fødevarer,mfkn,"…religger fakturaer herfor. Klager har endvidere anført, at klager alene vil acceptere vejledning om de konstaterede forhold, idet en indskærpelse er en for hård sanktion.</p> <h2>Sagens oplysninger</"
Klagers brug af lokalerne,1,Fødevarer,mfkn,"…kontrolbesøget i indeværende sag har klager ligeledes anført, at der ikke blev givet vejledning om klagers brug af lokalerne, hvilket klager endnu afventer at modtage. Det er bemærket, at klager hele"
Produktets indhold eller egenskaber,1,Fødevarer,mfkn,"…dsagnet har klager anført, at man ved udsagnet ønsker at give forbrugeren supplerende vejledning om produktets indhold eller egenskaber, herunder en række positive egenskaber, som ikke følger af de o"
Betaling for kontrol,1,Fødevarer,mfkn,"…anført, at klager ikke har fået udleveret en retssikkerhedsblanket eller har modtaget vejledning om betaling for kontrol, som det er oplyst af den tilsynsførende, samt at det kritisabelt, at der ikke"
Skriftlig risikoanalyse,1,Fødevarer,mfkn,"…ket til en kontrolrapport fra en anden virksomhed, hvoraf det fremgår, at der er vejledt konkret om skriftlig risikoanalyse.</p> <p>Det er derudover anført, at klager siden indførelsen af risikoanaly"
Vejledning nr. 10004 af 1. januar 2006,1,Fødevarer,mfkn,"…ret beskrevet i Fødevarestyrelsens kosttilskudsvejledning siden, og første gang i Retsinformation i vejledning nr. 10004 af 1. januar 2006. Fødevarestyrelsen har hertil anført, at bestemmelsen dermed"
Regler for vedligeholdelser,1,Fødevarer,mfkn,"…tyrelsen har bemærket, at der ved et kontrolbesøg den 19. juli 2018 blev ydet konkret vejledning om regler for vedligeholdelser, samt at de knækkede fliser og afskallende maling på et rør, under de f"
"Miljøministeriets vejledning om rotter, mus og fødevarevirksomheder, hvorefter en åbning på",1,Fødevarer,mfkn,"…bningen ved porten var så stor, at mus kunne passere. Styrelsen har i forlængelse heraf henvist til Miljøministeriets vejledning om rotter, mus og fødevarevirksomheder, hvorefter en åbning på bare 6-"
Registrering til stalddørssalg af æg,1,Fødevarer,mfkn,"…ar Fødevarestyrelsen bemærket, at der ikke er tale om en sanktion, men udelukkende en vejledning om registrering til stalddørssalg af æg, ud fra den konstaterede mængde æg, der blev opbevaret på bedr"
Tilstrækkelig ventilation,1,Fødevarer,mfkn,"…ket, at der ikke er meddelt klager nogen sanktion, da der alene blev givet en generel vejledning om tilstrækkelig ventilation.</p> <h3>Nye oplysninger under sagens behandling</h3> <p>Fødevarestyrelse"
Reglerne for registrering,1,Fødevarer,mfkn,"…marginal, lokal og begrænset aktivitet.</p> <p>Fødevarestyrelsen har bemærket, at den vejledning om reglerne for registrering, der blev givet klager på kontrolbesøget den 25. september 2017, var base"
Vejledning nr. 9702 af 5. juli 2016,1,Fødevarer,mfkn,"…. november 2017 om kosttilskud. <a href=""#footnote-ref-6""> ↑ </a></p> </li> <li id=""footnote-7""> <p>Vejledning nr. 9702 af 5. juli 2016 om kosttilskud. <a href=""#footnote-ref-7""> ↑ </a></p> </li> </o"
Vejledning nr. 9907 af 9. januar 2015,1,Fødevarer,mfkn,"…nr. 1404 af 29. november 2018. <a href=""#footnote-ref-6""> ↑ </a></p> </li> <li id=""footnote-7""> <p>Vejledning nr. 9907 af 9. januar 2015 om autorisation og registrering af fødevarevirksomheder m.v. <"
Vejledning nr. 9577 af 27. juni 2017,1,Fødevarer,mfkn,"…2016 om mærkning af fødevarer. <a href=""#footnote-ref-5""> ↑ </a></p> </li> <li id=""footnote-6""> <p>Vejledning nr. 9577 af 27. juni 2017 om anvendelse af nøglehulsmærket på fødevarer m.v. <a href=""#fo"
Lukning før tilsynet,1,Fødevarer,mfkn,"…ontrolbesøg, men at det i indeværende tilfælde ikke er fair, når klager ikke har fået vejledning om lukning før tilsynet.</p> <h3>Fødevarestyrelsens bemærkninger til klagen</h3> <p>Fødevarestyrelsen "
Mærkning af oksekød i høring ved klager,1,Fødevarer,mfkn,"…ævnets afgørelse af 1. juni 2018.Det forhold, at der er blevet sendt et udkast til ny vejledning om mærkning af oksekød i høring ved klager, hvori det tidligere krav om sporbarhed er delvis bortfalde"
Anvendelse af matrix til risikoanalyse og at vurdere,1,Fødevarer,mfkn,"…for Fødevarestyrelsen ved kontrolbesøget, hvilket affødte bemærkningen: ”Ydet konkret vejledning om anvendelse af matrix til risikoanalyse og at vurdere, hvorvidt der er tale om et kritisk kontrolpun"
Vejledning nr. 9044 af 27. januar 2015,1,Fødevarer,mfkn,"…r fødevarer. <a href=""#footnote-ref-4""> ↑ </a></p> </li> <li id=""footnote-5""> <p>Fødevarestyrelsens vejledning nr. 9044 af 27. januar 2015 om mikrobiologiske kriterier for fødevarer. <a href=""#footno"
Klager omkring ny og gammel hjemmeside,1,Fødevarer,mfkn,"…sninger til grund for afgørelsen.</p> <p>Klagen omhandler primært Fødevarestyrelsens vejledning til klager omkring ny og gammel hjemmeside. Miljø- og Fødevareklagenævnet skal hertil bemærke, at det e"
Vejledning nr. 9371 af 26. april 2016,1,Fødevarer,mfkn,"…rm til den endelige forbruger.</p> <p>Fødevarestyrelsen har i bemærkningerne henvist til, at det af vejledning nr. 9371 af 26. april 2016 til anprisningsforordningen fremgår af afsnit 3.1.1 om ”Anpri"
Reglerne for mærkning af færdigpakkede fødevarer,1,Fødevarer,mfkn,"…at det af kontrolrapporten af denne dato fremgik, at Fødevarestyrelsen ydede generel vejledning om reglerne for mærkning af færdigpakkede fødevarer, herunder ostekarakteristikker, fedtprocent, ingred"
Vurdering af sygdomsspecifikke produkter,1,Fødevarer,mfkn,"…ekt, at der p&aring; F&oslash;devarestyrelsens hjemmeside tidligere var en generel vejledning vedr. vurdering af sygdomsspecifikke produkter, samt at der i 2003 blev publiceret en artikel vedr. F&osl"
Vejledning nr. 9236 af 29. april 2004,1,Fødevarer,mfkn,"…klagenævnet. <a href=""#footnote-ref-3""> ↑ </a></p> </li> <li id=""footnote-4""> <p>Fødevarestyrelsens vejledning nr. 9236 af 29. april 2004 om fødevarehygiejne. <a href=""#footnote-ref-4""> ↑ </a></p> </"
Lukning af hullerne,1,Fødevarer,mfkn,…e blive lukket. Styrelsen har desuden på et tilsyn den 16. november 2016 ydet konkret vejledning om lukning af hullerne.</p> <p><em> Høringer under sagens behandling </em></p> <p>Fødevarestyrelsens b
Forholdene,1,Fødevarer,mfkn,"…§ 24, stk. 6, i lov om Miljø- og Fødevareklagenævnet.</p> <p>[virksomhed1] har i klagen anført, at forholdene, der er nævnt i kontrolrapporten, altid har været sådan, samt at kontrolløren ved tidlige"
Et enkelt punkt ikke betyder,1,Fødevarer,mfkn,"…keri den 10. august 2016.</p> <p>Af bemærkningerne fremgik det, at Fødevarestyrelsens vejledning om et enkelt punkt ikke betyder, at der er givet en forhåndsgodkendelse af hele etiketten.</p> <p>Om b"
Reglerne om ID-mærkning på kontrolbesøget,1,Fødevarer,mfkn,"…på alle deres andre produkter i virksomheden. Derfor blev der ikke ydet</p><p>ekstra vejledning om reglerne om ID-mærkning på kontrolbesøget.</p><p>Klagecentret finder ikke, at Fødevarestyrelsen har "
Virksomhederne,1,Fødevarer,mfkn,"…mfrø i bageformene.</p><p>Klagecentret finder desuden, at en branchekode alene er en vejledning til virksomhederne, som kan benyttes som en overordnet skabelon i forhold til, hvad et egenkontrolprogr"
Temperatur i pakkerummet,1,Fødevarer,mfkn,"…konkret til, at den tilsynsf&oslash;rende efter jeres opfattelse har givet forkert vejledning vedr. temperatur i pakkerummet, at det var en fejl, at den tilsynsf&oslash;rende vejledte jer i, at I sku"
Temperatur i pakkerummet oplyst,1,Fødevarer,mfkn,"…konkret til, at den tilsynsf&oslash;rende efter jeres opfattelse har givet forkert vejledning vedr. temperatur i pakkerummet, at det var en fejl, at den tilsynsf&oslash;rende vejledte jer i, at I sku"
Vejledning nr. 9347 af 27. juli 2011,1,Fødevarer,mfkn,"…delse af diverse EU-retsakter.   </dd></dl><dl class=""small""><dd><sup><a id=""footnote9""> </a>9</sup>Vejledning nr. 9347 af 27. juli 2011 om egenkontrol med salmonella og campylobacter i fersk kød.</d"
Rengøring af tørvarelageret og det lille depotrum i kælderen,1,Fødevarer,mfkn,"…. Af bemærkningerne fremgik det, at virksomheden ved forrige kontrolbesøg fik konkret vejledning om rengøring af tørvarelageret og det lille depotrum i kælderen, samt at Fødevarestyrelsens kontrol ud"
Den køkkenansvarlige,1,Fødevarer,mfkn,"…oplyste Fødevarestyrelsen i sine bemærkninger, at de tilsynsførende havde ydet meget vejledning til den køkkenansvarlige ([person1]) om krav til dokumentation for opvarmning og nedkøling, samt hvornå"
Vejledning nr. 1170 af 4. december 1986,1,Fødevarer,mfkn,"…tningsloven).</dd></dl><dl class=""small""><dd><sup><a id=""footnote3""> </a>3</sup>Justitsministeriets vejledning nr. 1170 af 4. december 1986 om forvaltningsloven, punkt 132 samt bemærkninger til § 24 "
At udarbejde en egenkontrolrapport,1,Fødevarer,mfkn,"…avet var overtrådt.</p><p>I anfører i jeres klage, at virksomheden ikke har fået den vejledning til at udarbejde en egenkontrolrapport, som den burde have fået.</p><p>Det fremgår af Fødevarestyrelsen"
Vejledning nr. 9789 af 10. december 2013,1,Fødevarer,mfkn,"…dtgørelsen).</dd></dl><dl class=""small""><dd><sup><a id=""footnote2""> </a>2</sup>Se også Punkt 11.2 i vejledning nr. 9789 af 10. december 2013 om autorisation og registrering af fødevarevirksomheder m."
Reglerne om egenkontrol,1,Fødevarer,mfkn,"…i måned 2013. Fødevarestyrelsens hjemmeside (fvst.dk) indeholder en ganske omfattende vejledning om reglerne om egenkontrol, herunder kravet om risikoanalyse, og en fødevarevirksomhed har desuden mul"
Virksomheder i sikkerhedsvurdering af kosttilskud,1,Fødevarer,mfkn,"…herunder, at produkterne er sikre at indtage.   Fødevarestyrelsen har udarbejdet en vejledning til virksomheder i sikkerhedsvurdering af kosttilskud. Du finder link til vejledningen nederst i denne g"
Vejledning nr. 9050 af 8. februar 2013,1,Fødevarer,mfkn,"…eg-skal-markedsfoere-kosttilskud.</dd></dl><dl class=""small""><dd><sup><a id=""footnote4""> </a>4</sup>Vejledning nr. 9050 af 8. februar 2013 om kosttilskud.</dd></dl><dl class=""small""><dd><sup><a id=""f"
Indskærpelsen står der bl,1,Fødevarer,mfkn,"…giejne tilsidesættes.</p><p><i>           Upræcis klagevejledning</i></p><p>I klagevejledningen til indskærpelsen står der bl.a.:</p><p>	""Det betyder, at virksomheden skal efterkomme afgørelsen...""</"
Vejledning nr. 10158 af 15. januar 2009,1,Fødevarer,mfkn,"…iejneforordningen).</dd></dl><dl class=""small""><dd><sup><a id=""footnote2""> </a>2</sup>Afsnit 13.3 i vejledning nr. 10158 af 15. januar 2009 om hygiejneregler for køkkener i børneinstitutioner.</dd></"
Modtagekontrol,1,Fødevarer,mfkn,"…trolbesøg den 25. marts 2013 havde anmodet den tilsynsførende om en skriftlig vejledning vedrørende modtagekontrol, men at den tilsynsførende havde afvist det.</p><p>Det fremgår af sagen, at den tils"
Modtagerkontrol,1,Fødevarer,mfkn,"…avde afvist det.</p><p>Det fremgår af sagen, at den tilsynsførende, som opfølgning på vejledning om modtagerkontrol, ved mail af 25. marts 2013 har sendt dig 2 links til Fødevarestyrelsens hjemmeside"
Risikoanalyse,1,Fødevarer,mfkn,"…af 9. april 2013, som I har modtaget i høring. Her forklares også, at der blev givet vejledning om risikoanalyse, og at I havde en del spørgsmål. Ud fra vort erfaringsmæssige kendskab til, hvor længe"
Fødevarehygiejne,1,Fødevarer,mfkn,"…nedkøles til en temperatur, der nærmer sig smeltende is<sup>1</sup>. Dette gentages i vejledning om fødevarehygiejne,<sup>2</sup> hvor der under punkt 67.4 står, at uemballerede fødevarer skal opbeva"
Sikkerhedsvurdering af kosttilskud,1,Fødevarer,mfkn,"…også, at I havde gjort. Fødevarestyrelsen har i notat af 17. februar 2011 forklaret, hvorfor jeres sikkerhedsvurdering ikke var tilstrækkelig. Dette er efterfølgende bekræftet af DTU. Vi finder ikke,"
Vejledning nr. 9381 af 22. august 2011,1,Fødevarer,mfkn,"…stk. 1, i fødevareforordningen.</dd></dl><dl class=""small""><dd><sup><a id=""footnote15""> </a>15</sup>Vejledning nr. 9381 af 22. august 2011 om sikkerhedsvurdering af kosttilskud.</dd></dl><dl class=""s"
Dokumentation i forbindelse med varemodtagelse,1,Fødevarer,mfkn,"…ogram til punkt og prikke.</p><p>Ved kontrolbesøg af 3. oktober 2011 fik I en konkret vejledning om dokumentation i forbindelse med varemodtagelse. I bør således være klar over, at dokumentation for "
Fødevarehygiejne nr,1,Fødevarer,mfkn,"…ngen.</dd></dl><dl class=""small""><dd><sup><a id=""footnote7""> </a>7</sup>Punkt 26.3, i vejledning om fødevarehygiejne nr. 9025 af 17. januar 2013. </dd></dl><dl class=""small""><dd><sup><a id=""footnote8"
Foder og fodervirksomheder,1,Fødevarer,mfkn,"…><dd><sup><a id=""footnote11""> </a>11</sup>Bilag 1, Definitioner, i Fødevarestyrelsens vejledning om foder og fodervirksomheder.</dd></dl><dl class=""small""><dd><sup><a id=""footnote12""> </a>12</sup>Vor"
Fødevareministeriets Klagecenter,1,Fødevarer,mfkn,"…København, om forbud mod vildledning. Indskærpelsen medførte gebyrbelagt opfølgende kontrol.</p><p>Fødevareministeriets Klagecenter har behandlet klagen og fastholder indskærpelsen vedrørende vildled"
Virksomheden om denne overtrædelse,1,Fødevarer,mfkn,"…smaterialet. Ved en fejl fra den tilsynsførendes side blev der ikke givet en konkret vejledning til virksomheden om denne overtrædelse, som på grund af virksomhedens løfte om ændringer blev vurderet "
Indretning af lokaler er ikke en afgørelse,1,Fødevarer,mfkn,"…il fødevarelokalers udførsel<sup>4</sup>. Vi kan kun behandle klager over afgørelser. Vejledning om indretning af lokaler er ikke en afgørelse, der kan klages over til Fødevareministeriets Klagecente"
Økologikontrol,1,Fødevarer,mfkn,"…Noter</h2><dl class=""small""><dd><sup><a id=""footnote1""> </a>1</sup>Fødevarestyrelsens vejledning om økologikontrol, maj 2011 og januar 2013, bilag 4. </dd></dl><dl class=""small""><dd><sup><a id=""footn"
Fødevarevirksomheder under de enkelte kontrolbesøg,1,Fødevarer,mfkn,"…es og påbudt jer, hvordan jeres gulv skal laves. Den tilsynsførende skal yde konkret vejledning til fødevarevirksomheder under de enkelte kontrolbesøg, hvor der skal foregå en dialog om problemstilli"
Grund i denne afgørelse,1,Fødevarer,mfkn,"…skal udformes m.v. Vi lægger herefter Fødevarestyrelsens forklaringer om omfanget af vejledning til grund i denne afgørelse. Vi forudsætter dog, at den nuværende placering af ovn og affaldsområde ikk"
Indretning,1,Fødevarer,mfkn,"…i kontakt med Fødevarestyrelsen med henblik på at få rådgivning og vejledning omkring virksomhedens indretning.</p><p>Den tilsynsførende bekræfter modtagelsen af jeres mail af 3. maj 2012 og oplyser,"
Vejledning nr. 11740 af 04. december 1986,1,Fødevarer,mfkn,"…med at mangler ved vejledning som udgangspunkt ikke medfører ugyldighed, f.eks. Justitsministeriets vejledning nr. 11740 af 04. december 1986 om forvaltningsloven, punkt nr. 30 og 37, og kommenteret "
At benytte en rengøringsvenlig skærm på en lampe,1,Fødevarer,mfkn,"…ikke kan behandle</i></p><p>Du oplyser i forbindelse med Fødevarestyrelsens konkrete vejledning om at benytte en rengøringsvenlig skærm på en lampe, at lampen har hængt der i 12 år.</p><p>En afgørels"
At benytte en rengøringsvenlig skærm på lampen,1,Fødevarer,mfkn,"…ikke kan behandle</i></p><p>Du oplyser i forbindelse med Fødevarestyrelsens konkrete vejledning om at benytte en rengøringsvenlig skærm på en lampe, at lampen har hængt der i 12 år.</p><p>En afgørels"
Latinske betegnelser på følgedokument eller etikette har anført,1,Fødevarer,mfkn,"…sup>6</sup>.</p><p>Vi gør desuden opmærksom på, at Fødevarestyrelsen med hensyn til vejledningen om latinske betegnelser på følgedokument eller etikette har anført, at vejledningen ikke burde være gi"
Vejledning nr. 9129 af 17. april 2008,1,Fødevarer,mfkn,"…omheder (februar 2012), afsnit V.</dd></dl><dl class=""small""><dd><sup><a id=""footnote4""> </a>4</sup>Vejledning nr. 9129 af 17. april 2008 om virksomheders egenkontrol for aktiviteten import af fødeva"
Vejledning nr. 9872 af 18. december 2008,1,Fødevarer,mfkn,"…ng m.v. af fødevarer. </dd></dl><dl class=""small""><dd><sup><a id=""footnote6""> </a>6</sup>Afsnit 1 i vejledning nr. 9872 af 18. december 2008 om mærkning af oksekød.</dd></dl><dl class=""small""><dd><su"
Planter og plantedele i kosttilskud og urteteer,1,Fødevarer,mfkn,"…svar at kunne dokumentere sikkerheden for de anvendte ingredienser. Drogelisten er en vejledning om planter og plantedele i kosttilskud og urteteer, der er udarbejdet og som løbende revideres af DTU "
Vejledning nr. 9099 af 24. marts 2010,1,Fødevarer,mfkn,"…id=""footnote3""> </a>3</sup>Vejledning nr. 9440 af 25. juli 2008 om fødevarehygiejne (som ændret ved vejledning nr. 9099 af 24. marts 2010 om hygiejne ved selvbetjening af fødevarer), s. 176.</dd></dl"
Vejledning nr. 9042 af 29. januar 2019,1,Fødevarer,mfkn,"…div> <p style=""margin-left:0cm; margin-right:0cm""><a href=""#_ftnref4"" name=""_ftn4"" title="""">[4]</a> Vejledning nr. 9042 af 29. januar 2019 om f&oslash;devarehygiejne.</p> </div> </div>…"
Skilte og offentlighedens adgang til naturen,1,Fredning mv.,mfkn,…fentlighedens færdsel på strækningen stilles der derfor typisk vilkår om skiltning. I vejledning om skilte og offentlighedens adgang til naturen (udgivet af tidligere Miljøministerium) er der udarbej
Afgørelsen om påbud har kommunen anført,1,Fredning mv.,mfkn,"…g den anlagte terrasse i samme farve, som det oprindelige sommerhus.</p> <p>I klagevejledningen til afgørelsen om påbud har kommunen anført, at afgørelser truffet efter naturbeskyttelsesloven som udg"
Afgørelserne,1,Fredning mv.,mfkn,"…ngsnævnet har begået flere fejl ved sagsbehandlingen. Således er der ikke givet klagevejledning til afgørelserne. Videre er der uoverensstemmelse mellem fredningsafgørelsernes tekst og kortbilag, ide"
Klagefrist,1,Husdyrbrugloven,mfkn,"…slash;rt, at der ikke har v&aelig;ret en offentlig h&oslash;ring, &aring;benhed eller vejledning om klagefrist. Dertil kommer, at der ikke har v&aelig;ret offentliggjort en frist for at indsende bem&"
Miljøstyrelsens vejledning om støjgrænser og begreber om støj,1,Husdyrbrugloven,mfkn,"…stoej/stoej/saerligt-for-borgere-om-stoej/hvad-er-stoej/stoejgraenser-og-begreber-om-stoej/"" title=""Miljøstyrelsens vejledning om støjgrænser og begreber om støj"">https://mst.dk/luft-stoej/stoej/saer"
Emissionsgrænseværdier opnåelige ved anvendelse af BAT,1,Husdyrbrugloven,mfkn,"…onkurs. Luftrensningen har også en effekt på ammoniakemissionen hvilket er beskrevet i afsnittet om Emissionsgrænseværdi for ammoniak (stald og lager).</p> <p>Af revurderingen fremgår desuden, at den"
Miljøstyrelsens vejledning om emissionsgrænseværdier opnåelige ved anvendelse af BAT,1,Husdyrbrugloven,mfkn,"…fremgår desuden, at det vejledende BAT-standardniveau er beregnet til 4.405 kg N/år på baggrund af Miljøstyrelsens vejledninger. BAT-beregningen er baseret på udvidelse af dyreholdet i eksisterende s"
Harmoniserede tålegrænser,1,Husdyrbrugloven,mfkn,"…te-ref-11"" href=""#footnote-11""> [11] </a> </sup></p> <p>Det følger af Naturstyrelsens vejledning om harmoniserede tålegrænser (ammoniakmanualen), <sup> <a id=""footnote-ref-12"" href=""#footnote-12""> [1"
Naturstyrelsens vejledning om harmoniserede tålegrænser,1,Husdyrbrugloven,mfkn,"…/a> </sup> <sup> <a id=""footnote-ref-11"" href=""#footnote-11""> [11] </a> </sup></p> <p>Det følger af Naturstyrelsens vejledning om harmoniserede tålegrænser (ammoniakmanualen), <sup> <a id=""footnote-r"
Ekstern støj må ejendommens bidrag til det ækvivalente,1,Husdyrbrugloven,mfkn,"…lebeholdere på nedenstående luftfoto i forhold til naboer. </em></p> <p><em> Ifølge vejledningen om ekstern støj må ejendommens bidrag til det ækvivalente, korrigerede støjniveau ikke overstige følge"
"Miljøstyrelsens vejledning om miljøgodkendelse af husdyrbrug, at kommunen i forbindelse me",1,Husdyrbrugloven,mfkn,"…de valg af til- og frakørselsforhold.</p> <p class=""quote"">Det fremgår i overensstemmelse hermed af Miljøstyrelsens vejledning om miljøgodkendelse af husdyrbrug, at kommunen i forbindelse med behandl"
"Miljøstyrelsens vejledning om miljøgodkendelse af husdyrbrug, hvori det er anført, at der",1,Husdyrbrugloven,mfkn,"…e ændringer. <a href=""#footnote-ref-4""> ↑ </a></p> </li> <li id=""footnote-5""> <p>Se i samme retning Miljøstyrelsens vejledning om miljøgodkendelse af husdyrbrug, hvori det er anført, at der kun er be"
Renere teknologi,1,Husdyrbrugloven,mfkn,…ne i forhold til belastningen af natur samt kriterierne i forhold til Miljøstyrelsens vejledning om renere teknologi (BAT). Lovgivningen tager ikke hensyn til ammoniakbelastningen af bygninger. Ammon
Anvendelse af timetæller ved gyllekøling til slagtesvin,1,Husdyrbrugloven,mfkn,"…teret maj 2011 med supplement jf. miljøstyrelsens notat dateret den 15. juni 2015 med vejledning om anvendelse af timetæller ved gyllekøling til slagtesvin, søer og smågrise. </em></p> <p><em> BAT i "
Miljøstyrelsens vejledning om renere teknologi,1,Husdyrbrugloven,mfkn,"…ktionskrav på 30 %), kriterierne i forhold til belastningen af natur samt kriterierne i forhold til Miljøstyrelsens vejledning om renere teknologi (BAT). Lovgivningen tager ikke hensyn til ammoniakbe"
Vurdering af lugtgener og geneafstand for minkfarme,1,Husdyrbrugloven,mfkn,"…vilkår.</p> <p class=""quote"">Mens udkastet var i høring opdaterede Miljøstyrelsen vejledningen til vurdering af lugtgener og geneafstand for minkfarme. Dette skete som følge af det overståede arbejde"
Vurdering af lugtgener og geneafstande for minkfarme,1,Husdyrbrugloven,mfkn,"…vilkår.</p> <p class=""quote"">Mens udkastet var i høring opdaterede Miljøstyrelsen vejledningen til vurdering af lugtgener og geneafstand for minkfarme. Dette skete som følge af det overståede arbejde"
Begge ansøgere har kommunen derfor,1,Husdyrbrugloven,mfkn,"…esse1], der ligger umiddelbart tilstødende hinanden, til behandling samtidig. Som en vejledning til begge ansøgere har kommunen derfor (i september 2014) oplyst om hvilke tærskelværdier for totaldepo"
Håndbog om bilag IV arter findes flere arter af flagermus,1,Husdyrbrugloven,mfkn,"…ass=""quote""><em> Andre bilag IV-arter </em></p> <p class=""quote"">Udover paddearter kan der også jf. Håndbog om bilag IV arter findes flere arter af flagermus, samt markfirben i området omkring ejendo"
Vurdering af lugtberegningerne samt overgangsordninger,1,Husdyrbrugloven,mfkn,…mink skal beregnes ud fra værdien 7 OUE/s/årstæve. Miljøstyrelsen udgav samtidig en vejledning til vurdering af lugtberegningerne samt overgangsordninger. Denne godkendelse følger vejledning.</p> <p 
Vurdering af lugtgener og geneafstande for minkfarme skal finde anvendelse,1,Husdyrbrugloven,mfkn,"…2016 indsendt supplerende bem&aelig;rkning om, at milj&oslash;styrelsens opdaterede vejledning til vurdering af lugtgener og geneafstande for minkfarme skal finde anvendelse.</p>  <h2>Natur- og Milj&"
Miljøgodkendelse af husdyrhold fremgår,1,Husdyrbrugloven,mfkn,"…atur- og Miljøklagenævnet stadfæster Skanderborg Kommunes afgørelse af 11. marts 2015 om tillæg til miljøgodkendelse af husdyrbruget på [adresse1], med følgende ændringer:</p> <p>Som vilkår 2.0 indsæ"
"Miljøstyrelsens vejledning om miljøgodkendelse af husdyrhold fremgår, at lugtpåvirkningen",1,Husdyrbrugloven,mfkn,"…ig, skal foretages en OML-beregning, som kan tage højde for afkasthøjde og terrænforskel.</p> <p>Af Miljøstyrelsens vejledning om miljøgodkendelse af husdyrhold fremgår, at lugtpåvirkningen fra andre"
Skærpede genafstande til minkfarme,1,Husdyrbrugloven,mfkn,"…iteriet er beregnet ud fra lugtgeneafstanden fra 3.500 minktæver, jf. Miljøstyrelsens vejledning om skærpede genafstande til minkfarme.</strong>       </p>       <p>            Dyreholdets lugtafgive"
Skærpede lugtgenekrav til minkfarme,1,Husdyrbrugloven,mfkn,…n ansøgte produktion.</p>       <p>Lugtberegninger er foretaget efter Miljøstyrelsens vejledning om skærpede lugtgenekrav til minkfarme. Den beregnede geneafstand er beregnet ud fra lugtgeneafstanden
Miljøstyrelsens vejledning om skærpede lugtgenekrav til minkfarme,1,Husdyrbrugloven,mfkn,"…i husdyrgodkendelse.dk. Genekriteriet er beregnet ud fra lugtgeneafstanden fra 3.500 minktæver, jf. Miljøstyrelsens vejledning om skærpede genafstande til minkfarme.</strong>       </p>       <p>    "
At vurdere,1,Husdyrbrugloven,mfkn,"…og Avnø Fjord           </strong>         </i>       </p>       <p>I Miljøstyrelsens vejledning til at vurdere, om der kan ske væsentlig skade på et Natura 2000 område, står der skrevet at der ikke m"
Miljøregulering af husdyrhold anføres bl,1,Husdyrbrugloven,mfkn,"…ævnte kategorier for beskyttelsesniveauet for N og P.""</p>       <p>I Miljøstyrelsens vejledning om miljøregulering af husdyrhold anføres bl.a. om markoplysninger4:</p>       <dl class=""small""><dd> <"
Miljøstyrelsens vejledning om miljøregulering af husdyrhold anføres bl,1,Husdyrbrugloven,mfkn,"…ning i ansøgt drift og udvaskningen i en drift uden brug af husdyrgødning (planteavlsbrug), jævnfør Miljøstyrelsens vejledning.</p>       <p>Merudvaskningen fra husdyrbruget i forhold til ren plantea"
Etablering og overdækning af kompost fremgår det,1,Husdyrbrugloven,mfkn,"…eller udbringes på arealerne drevet under [adresse2].</p>       <p>I Miljøstyrelsens vejledning om etablering og overdækning af kompost fremgår det, at</p>       <p>         <i>fast husdyrgødning (in"
"Miljøstyrelsens vejledning om etablering og overdækning af kompost fremgår det, at",1,Husdyrbrugloven,mfkn,"…<p>Dokumentationen skal ske i form af resultat af en støjmåling udført efter retningslinjerne i Miljøstyrelsens vejledning nr. 5 og 6/1984, eller efter en beregning udført efter den nordiske beregnin"
Etablering og overdækning af kompost er dybstrøelse,1,Husdyrbrugloven,mfkn,"…n med opdræt af ænder, dvs. 2 gange i løbet af 18 uger. I henhold til Miljøstyrelsens vejledning om etablering og overdækning af kompost kan dybstrøelse fra fjerkræstalde være kompostlignende allered"
Miljøstyrelsens vejledning om etablering og overdækning af kompost kan dybstrøelse fra fje,1,Husdyrbrugloven,mfkn,"…rnes gødning to gang i perioden med opdræt af ænder, dvs. 2 gange i løbet af 18 uger. I henhold til Miljøstyrelsens vejledning om etablering og overdækning af kompost kan dybstrøelse fra fjerkræstald"
"Miljøstyrelsens vejledning om etablering og overdækning af kompost er dybstrøelse, der har",1,Husdyrbrugloven,mfkn,"…rnes gødning to gang i perioden med opdræt af ænder, dvs. 2 gange i løbet af 18 uger. I henhold til Miljøstyrelsens vejledning om etablering og overdækning af kompost kan dybstrøelse fra fjerkræstald"
Flue- og rottebekæmpelse,1,Husdyrbrugloven,mfkn,"…stilles dog krav om, at ansøger som minimum skal følge Statens Skadedyrlaboratoriums vejledning om flue- og rottebekæmpelse.""</p> <a id=""q3"">&nbsp;</a><h2>             Natur- og Miljøklagenævnets bem"
Vurdering lugtberegningerne samt overgangsordninger,1,Husdyrbrugloven,mfkn,…t fra mink er beregnet til at være 7 OUE/s/årstæve. Miljøstyrelsen udgav samtidig en vejledning til vurdering lugtberegningerne samt overgangsordninger. Dette tillæg følger vejledning.</p> <p>Med bag
Miljøregulering af husdyrhold tage stilling til,1,Husdyrbrugloven,mfkn,"…Oplysninger herom kan findes på Aarhus Universitets hjemmeside5 og i Miljøstyrelsens vejledning om miljøregulering af husdyrhold6. Nævnet har ikke taget stilling til, hvorvidt ansøger vil kunne overh"
Forståelse af egenkontrolpunktet,1,Husdyrbrugloven,mfkn,"…<p><u>Dato for registrering af vand- og elforbrug.</u></p> <p>Vi er tilfreds med den vejledning til forståelse af egenkontrolpunktet, som Vejen Kommune giver i bemærkningerne.</p> <p>[...]</p> <p><u>"
Forståelse af vilkåret,1,Husdyrbrugloven,mfkn,…rende bemærkninger giver ansøger endvidere udtryk for at være tilfreds med kommunens vejledning til forståelse af vilkåret. Nævnet finder derfor ikke anledning til at ændre vilkåret.</p> <p><i>Handel
Flue- og rottebekæmpelse på ejendomme med husdyr,1,Husdyrbrugloven,mfkn,"…tilles dog vilkår om, at ansøger som minimum skal følge Statens Skadedyrlaboratoriums vejledning om flue- og rottebekæmpelse på ejendomme med husdyr.""</p> <p>Kommunen har fastsat følgende vilkår vedr"
Udvaskning af nitrat til overfladevand,1,Husdyrbrugloven,mfkn,…varighed.</p> <p>[...]</p> <p>22. Udvaskning af kvælstof til overfladevandet</p> <p>Der må ikke ske udvaskning af nitrat til overfladevandet større end angivet i udvaskningsberegningerne udført i Far
"Miljøstyrelsens vejledning om vurderinger af nitrats påvirkning af overfladevand, som besk",1,Husdyrbrugloven,mfkn,"…r og Ramsarområder) nr. 408 af 1. maj 2007, Miljøministeriet, Miljøstyrelsens Wiki-vejledning, samt Miljøstyrelsens Vejledende notat om afskæringskriterier for udvaskningen af nitrat til overfladevan"
Effekten af hyppig udmugning,1,Husdyrbrugloven,mfkn,…efterafgrøder).</p> <p>Som følge af nye oplysninger i Miljøstyrelsens digitale husdyrvejledning om effekten af hyppig udmugning (rendetømning) på minkfarme7 har nævnet foretaget nye beregninger vedrø
Udmugningshyppighed på minkfarme,1,Husdyrbrugloven,mfkn,"…ngsfrekvenser, der danner grundlag for anvisningerne i Miljøstyrelsens digitale husdyrvejledning om udmugningshyppighed på minkfarme (2 gange om ugen/daglig). Nævnets ammoniakberegninger bygger på de"
Muligheden for at påklage afgørelsen til Natur- og Miljøklagenævnet,1,Husdyrbrugloven,mfkn,…elbart forinden. Såvel annoncen på hjemmesiden som selve afgørelsen indeholdt korrekt vejledning om muligheden for at påklage afgørelsen til Natur- og Miljøklagenævnet. Klagefristen udløb således ons
Miljøgodkendelse af husdyrbrug fremgår bl,1,Husdyrbrugloven,mfkn,"…fra de ejede og forpagtede arealer, efter retningslinjerne i Miljøstyrelsens digitale vejledning om miljøgodkendelse af husdyrbrug i overensstemmelse med nævnets praksis, jf. Miljøklagenævnets afgøre"
Miljøgodkendelse af husdyrbrug i afsnittet om Lugt anføres,1,Husdyrbrugloven,mfkn,"…øger har anført følgende om baggrunden for OML-beregningen:</p> <p>""I Miljøstyrelsens vejledning om miljøgodkendelse af husdyrbrug i afsnittet om Lugt anføres, at ansøgningssystemet foretager en lugt"
Miljøstyrelsens vejledning om miljøgodkendelse af husdyrbrug i afsnittet om Lugt anføres,1,Husdyrbrugloven,mfkn,"…servativ tolkning"".</p> <p>Ansøger har anført følgende om baggrunden for OML-beregningen:</p> <p>""I Miljøstyrelsens vejledning om miljøgodkendelse af husdyrbrug i afsnittet om Lugt anføres, at ansøgn"
Godkendelse af husdyrbrug i overensstemmelse med nævnets praksis,1,Husdyrbrugloven,mfkn,"…at der skal beregnes en geneafstand ud fra både den nye lugtvejledning (Vejledning om tilladelse og godkendelse af husdyrbrug), og efter FMK-vejledningen (Vejledende retningslinjer for vurdering af l"
Miljøgodkendelse af husdyrbrug og i overensstemmelse med nævnets praksis,1,Husdyrbrugloven,mfkn,"…kvælstofudvaskningen fra arealerne, efter retningslinjerne i Miljøstyrelsens digitale vejledning om miljøgodkendelse af husdyrbrug og i overensstemmelse med nævnets praksis, jf. Miljøklagenævnets afg"
Miljøstyrelsen vejledning om afskæringskriterier for udvaskning af nitrat til overfladeva,1,Husdyrbrugloven,mfkn,"…erne bygger på hhv. en dialog med Miljøstyrelsen, som er mundet ud i konkrete 'retningslinjer' samt Miljøstyrelsen vejledning om afskæringskriterier for udvaskning af nitrat til overfladevande.</p> <"
Grænseværdier,1,Husdyrbrugloven,mfkn,"…lagt nogle emissionsniveauer for ammoniak. Emissionsniveauerne m.v. fremgår af ""Vejledende emissionsgrænseværdier opnåelige ved anvendelse af den bedste tilgængelige teknik (BAT)"" fra 2010.</p> <p>Me"
Miljøstyrelsens vejledning om grænseværdier,1,Husdyrbrugloven,mfkn,"…er baseret på nitratklasser samt en vurdering af udvikling i dyretryk i de enkelte oplande som jf. Miljøstyrelsens vejledning om afskæringskriterier, er tilstrækkelig for at opfylde vores habitatforp"
Miljøstyrelsens vejledning om miljøgodkendelse af husdyrbrug http,1,Husdyrbrugloven,mfkn,"…meget lugt omkringboende må udsættes for, før det kan betegnes som væsentlige lugtgener.</p> <p>Af Miljøstyrelsens vejledning4 om miljøgodkendelse af husdyrbrug fremgår, at genekriteriet i relation t"
Erhvervsmæssigt dyrehold,1,Husdyrbrugloven,mfkn,"…). Mulighederne for at dispensere for afstandskravet fremgår bl.a. af Miljøstyrelsens vejledning om erhvervsmæssigt dyrehold, husdyrgødning, ensilage m.v. fra 1993.</p> <p>Kommunen har muligheden for"
"Miljøstyrelsens vejledning om erhvervsmæssigt dyrehold, husdyrgødning, ensilage m",1,Husdyrbrugloven,mfkn,"…markarealer (ligger i landzone). Mulighederne for at dispensere for afstandskravet fremgår bl.a. af Miljøstyrelsens vejledning om erhvervsmæssigt dyrehold, husdyrgødning, ensilage m.v. fra 1993.</p> "
Beregningsmetoden,1,Husdyrbrugloven,mfkn,"…educeres yderligere. For nærmere baggrundsforklaring henvises til bilag 5 i vejledningen vedrørende beregningsmetoden. I ansøgt produktion er nogle af udspredningsarealerne beliggende i oplande, der "
Miljøstyrelsens vejledning om miljøgodkendelser kan man under ad,1,Husdyrbrugloven,mfkn,"…ølgende i afgørelsen vedr. den landskabelige vurdering af den ansøgte placering:</p> <p>""Ser man på Miljøstyrelsens vejledning om miljøgodkendelser kan man under ad 2 som omfatter særlige landskabeli"
Miljøgodkendelse af husdyrbrug må lægges til grund,1,Husdyrbrugloven,mfkn,"…Det Nordlige Lillebælt er faldet1, hvorfor det i henhold til Miljøstyrelsens digitale vejledning om miljøgodkendelse af husdyrbrug må lægges til grund, at udvaskningen af kvælstof fra udbringningsare"
Miljøgodkendelse af husdyrbrug regler for påvirkningen af vandområder med fosfor,1,Husdyrbrugloven,mfkn,"…skningen fra udbringningsarealerne, efter retningslinjerne i Miljøstyrelsens digitale vejledning om miljøgodkendelse af husdyrbrug i overensstemmelse med nævnets praksis, jf. Miljøklagenævnets afgøre"
Gødnings- og harmoniregler,1,Husdyrbrugloven,mfkn,"…der dyrkes på marken, jf. retningsgivende normer for fosfor iht. Plantedirektoratets vejledning om gødnings- og harmoniregler.</p> <p>Det vurderes, at de øvrige drænede marker (KBK 142 og KBK 145) en"
Sommerhusområdet og efter Ny lugtvejledning til samlet bebyggelse,1,Husdyrbrugloven,mfkn,"…for OML-beregningen:</p> <p>""Den valgte beliggenhed og placering gør, at genekriterene for lugt for sommerhusområdet og for den samlede bebyggelse ved [...] ikke umiddelbart kunne overholdes. Ved at "
Støj fra grovvarebranchen,1,Husdyrbrugloven,mfkn,…to perioder om året på op til 3 uger. Tidsperioden er fastsat ud fra Miljøstyrelsens vejledning om støj fra grovvarebranchen.</p> <p>Dokumentationen skal ske i form af resultat af støjmåling udført e
Miljøstyrelsens vejledning om støj fra grovvarebranchen,1,Husdyrbrugloven,mfkn,"…dyrene (93 % af DE) skal gå på delvist spaltegulv, som er BAT-staldtype. Projektet opfylder desuden Miljøstyrelsens vejledende BAT emissionskrav til udledning af ammoniak og fosfor. Virkemidlerne til"
Godkendelse af husdyrbrug fremgår,1,Husdyrbrugloven,mfkn,"…dl> <p>Natur- og Miljøklagenævnet stadfæster Sønderborg Kommunes afgørelse af 22. juni 2011 om miljøgodkendelse af husdyrbrug med slagtesvineproduktion på ejendommen [adresse1], 6440 Augustenborg, me"
Miljøstyrelsens vejledning om emissionsgrænseværdier opnåelige ved anvendelse af den bedst,1,Husdyrbrugloven,mfkn,"…satte beskyttelsesniveau for ammoniak.</p> <p>BAT-niveauet for [adresse1], er fundet på baggrund af Miljøstyrelsens vejledning om emissionsgrænseværdier opnåelige ved anvendelse af den bedste tilgæng"
Vurdering af denne påvirknings størrelse,1,Husdyrbrugloven,mfkn,…f naboarealer. Miljøstyrelsens vejledning og Bufferzone Rapporten udstikker hjælp og vejledning til vurdering af denne påvirknings størrelse.</p> <p>Ifølge Miljøstyrelsens vejledning er der to forhol
Denne må der ikke ske ændringer i et husdyrhold,1,Husdyrbrugloven,mfkn,"…e drift i dag giver en overskridelse på ca. 10 meter.</p> <p>Ifølge husdyrloven og vejledningen til denne må der ikke ske ændringer i et husdyrhold, hvis lugtgeneafstanden ikke overholdes, hvis ændri"
Kommunerne i øvrigt vedrørende administration af miljøgodkendelserne,1,Husdyrbrugloven,mfkn,"…emmeside, som også omhandler administration af grundvand. (vedlagt som bilag) samt vejledningen til kommunerne i øvrigt vedrørende administration af miljøgodkendelserne.""</p> <p><i>Genoptagelsesanmod"
Beregning,1,Husdyrbrugloven,mfkn,"…t, samt i det endelige afslag er kommet til at stå 2,1 kg N/ha/år, er det nok fordi der er lavet en beregning med et alternativt kildepunkt. Min kollega har som udgangspunkt fulgt den dengang gældend"
Miljøstyrelsens vejledning om BAT med de vejledende emissionsgrænser for forskellige kombi,1,Husdyrbrugloven,mfkn,"…mindre end husdyrbrugets samlede emissionskrav (3.113 kg ammoniak pr. år), beregnet på baggrund af Miljøstyrelsens vejledning om BAT med de vejledende emissionsgrænser for forskellige kombinationer a"
"Miljøstyrelsens vejledning om miljøgodkendelse af husdyrbrug, at",1,Husdyrbrugloven,mfkn,"…i vandoplandene, som de er opdelt i vandplanerne. Det er også beskrevet i den digitale vejledning, Miljøstyrelsens vejledning om miljøgodkendelse af husdyrbrug, at ""For så vidt angår afgrænsning af o"
Miljøstyrelsens vejledning om vurderinger af nitrats påvirkning af overfladevand,1,Husdyrbrugloven,mfkn,"…i vandoplandene, som de er opdelt i vandplanerne. Det er også beskrevet i den digitale vejledning, Miljøstyrelsens vejledning om miljøgodkendelse af husdyrbrug, at ""For så vidt angår afgrænsning af o"
Vejledning nr. 9824 af 23. august 2007,1,Husdyrbrugloven,mfkn,…liggender og Bek. nr. 439 af 11. maj 2007 om opbevaring af døde dyr samt den tilhørende vejledning (Vejledning nr. 9824 af 23. august 2007 til bek. om opbevaring af døde dyr).</p> <p>Udgangspunktet e
Miljøgodkendelse af husdyrbrug lægger op til,1,Husdyrbrugloven,mfkn,"…over Lolland Kommunes afgørelse om afslag på anmodning om forlængelse af fristen for udnyttelse af miljøgodkendelse af [...], [adresse1], 4941 Bandholm</p> <p>Natur- og Miljøklagenævnet har truffet a"
Dokumentationen under dette punkt tager ikke hensyn til,1,Husdyrbrugloven,mfkn,"…af driften at kræve prøveudtagning af både fiber- og væskefraktion. Teknologibladets vejledning til dokumentationen under dette punkt tager ikke hensyn til, hvorledes fraktionerne håndteres eller vid"
Miljøgodkendelsen af husdyrbrug og Natur- og Miljøklagenævnets praksis,1,Husdyrbrugloven,mfkn,"…ternationale naturbeskyttelsesområder i overensstemmelse med Miljøstyrelsens digitale vejledning om miljøgodkendelsen af husdyrbrug og Natur- og Miljøklagenævnets praksis, jf. bl.a. nævnets afgørelse"
Kumulation,1,Husdyrbrugloven,mfkn,"…BAT-kravet for overholdt, idet det overholdt krav og praksis på afgørelsestidspunktet (2008). Vedr. kumulation og påvirkning af habitatområder udkom Miljøstyrelsens vejledning i foråret 2011, 3 år ef"
Tilladelse og godkendelse m,1,Husdyrbrugloven,mfkn,"…ke færdiggjort BAT-blad for denne teknologi, men teknikken er optaget på bilag 3 til ""Vejledning om tilladelse og godkendelse m.v. af husdyrbrug"", som en anerkendt teknologi til ammoniakreduktion med"
Godkendelse af husdyrbrug samt et vilkår om egenkontrol af støjmålinger,1,Husdyrbrugloven,mfkn,"…sthimmerlands Kommune har den 27. august 2008 truffet afgørelse efter husdyrbruglovens § 11 om miljøgodkendelse af husdyrbruget på ejendommen [adresse1], 9640 Farsø.</p> <p>Afgørelsen er den 23. sept"
Miljøstyrelsens vejledning om godkendelse af husdyrbrug samt et vilkår om egenkontrol af s,1,Husdyrbrugloven,mfkn,"…eværdier11:</p> <dl class=""small""><dd> <sup><a id=""footnote11"">&nbsp;</a>11</sup>	""Introduktion til Miljøstyrelsens vejledende emissionsgrænseværdier opnåelige ved anvendelse af den bedste tilgængeli"
Miljøgodkendelse af husdyrbrug og Natur- og Miljøklagenævnets praksis,1,Husdyrbrugloven,mfkn,"…</dl> <p>Natur- og Miljøklagenævnet ophæver Viborg Kommunes afgørelse af 9. juli 2009 om tillæg til miljøgodkendelse af husdyrbruget på ejendommen [adresse1], 7850 Stoholm med virkning fra 1 år efter"
Miljøstyrelsens vejledning om miljøgodkendelse af husdyrbrug og Natur- og Miljøklagenævnet,1,Husdyrbrugloven,mfkn,…a bedriftens udbringningsarealer til internationale naturbeskyttelsesområder i overensstemmelse med Miljøstyrelsens vejledning om miljøgodkendelse af husdyrbrug og Natur- og Miljøklagenævnets praksis
Lov om miljøgodkendelse mv,1,Husdyrbrugloven,mfkn,…uffet afgørelse om at samtlige aftalearealer skal have en selvstændig arealgodkendelse efter § 16 i Lov om miljøgodkendelse mv. af husdyrbrug.</p> <p>[person1] ejer og driver disse aftalearealer og e
Natur- og Miljøklagenævnet i denne sag,1,Husdyrbrugloven,mfkn,"<div class=""head""> <h1></h1> <p class=""subtitle"">Natur- og Miljøklagenævnets afgørelse af 5. december 2011</p> <p class=""parter""><strong>Sag NMK-139-00044</strong><br><br><strong>Referenc…"
Godkendelse af husdyrbrug bliver løbende revideret,1,Husdyrbrugloven,mfkn,"…ovens § 34, stk. 2 fastsætter miljøministeren i godkendelsesbekendtgørelsen og vejledningen om miljøgodkendelse af husdyrbrug regler for påvirkningen af vandområder med nitrat fra husdyrbruget. Besky"
Miljøstyrelsens vejledning om kommunernes opgørelse af husdyrtryk,1,Husdyrbrugloven,mfkn,"…style=""width: 12px;"">-</td> <td>Notat af 3. marts 2011 fra virksomheden ConTerra, ""Kommentarer til Miljøstyrelsens vejledning om kommunernes opgørelse af husdyrtryk"" (bilag 1)</td> </tr> <tr> <td cla"
Tilladelse og Miljøgodkendelse m,1,Husdyrbrugloven,mfkn,…generelle harmoniregler.</p> <p>Uden for nitratklasser er reduktionspotentialet (jf. Vejledning om Tilladelse og Miljøgodkendelse m.v. af husdyrbrug) fra rodzonen til vandområdet mellem 76 og 100 %. 
Miljøgodkendelse af husdyrbrug foretage en vurdering af,1,Husdyrbrugloven,mfkn,"…bringningsarealerne ligger alle i nitratklasse 3. Udbringelsen af gødning skal i henhold til lov om miljøgodkendelse af husdyrbrug herved reduceres til 50 % af harmonikravet (0,7 DE/ha svarende til e"
Husdyrgodkendelser samt de udtalelser og det materiale,1,Husdyrbrugloven,mfkn,"…kommer Skov- og Naturstyrelsens vejledning om husdyrbrugloven, Milj&oslash;styrelsens vejledning om husdyrgodkendelser samt de udtalelser og det materiale, der i &oslash;vrigt udsendes fra Milj&oslas"
Tilladelse og miljøgodkendelse af husdyrbrug,1,Husdyrbrugloven,mfkn,"…. 25.       </p>        <p>         Derudover fremgår det af Skov- og Naturstyrelsens vejledning om tilladelse og miljøgodkendelse af husdyrbrug, jf. side 41-42, at oplysninger om aftaler med andre e"
"Naturstyrelsens vejledning om tilladelse og miljøgodkendelse af husdyrbrug, jf",1,Husdyrbrugloven,mfkn,"…søgte projekt, jf. punkt F, nr. 25.       </p>        <p>         Derudover fremgår det af Skov- og Naturstyrelsens vejledning om tilladelse og miljøgodkendelse af husdyrbrug, jf. side 41-42, at oply"
Godkendelse,1,Husdyrbrugloven,mfkn,…&aelig;vnet oph&aelig;ver T&oslash;nder Kommunes afg&oslash;relse af 27. januar 2009 om milj&oslash;godkendelse af kv&aelig;gbrug p&aring; Drengstedvej 48 og hjemviser sagen til fornyet behandling.</
God produktionspraksis i primærproduktionen,1,Husdyrbrugloven,mfkn,…. Rene dyr. Rent fodersystem. (foderbord og grej)       </p>              <p>         Vejledning om god produktionspraksis i primærproduktionen...en branchekode. <u>http://www.lr.dk/kvaeg/diverse/bra
Disse indskrives normalt særskilt i skrivelser fra miljøafdelingen,1,Husdyrbrugloven,mfkn,"…ejledningen i byggesager, men som det ses, omhandler den ikke miljøspørgsmål. Klagevejledningen til disse indskrives normalt særskilt i skrivelser fra miljøafdelingen. I denne sag har miljøspørgsmåle"
Ansøger og klagere,1,Husdyrbrugloven,mfkn,"…, og det kan beklageligvis hverken be- eller afkræftes, at der er sendt en miljøklagevejledning til ansøger og klagere. Det er kun sikkert, at der er sendt en klagevejledning.       </p>         <h1"
Logbog for beholdere med flydende husdyrgødning,1,Husdyrbrugloven,mfkn,"…med flydelag. Flydelaget skal vedligeholdes som beskrevet i Skov- og Naturstyrelsens vejledning om logbog for beholdere med flydende husdyrgødning.       </p>       <p class=""Citat"">         Arealer "
Pelsdyrfarne,1,Husdyrbrugloven,mfkn,"…iv id=""ftn3"">         <p>           <a href=""#_ftnref3"" name=""_ftn3"" title="""">[3]</a> Vejledning om pelsdyrfarne, Skov- og Naturstyrelsen, 25. marts 2004         </p>       </div>       <div id=""ftn4"
Naturstyrelsens vejledning om logbog for beholdere med flydende husdyrgødning,1,Husdyrbrugloven,mfkn,…ebeholderen skal være forsynet med flydelag. Flydelaget skal vedligeholdes som beskrevet i Skov- og Naturstyrelsens vejledning om logbog for beholdere med flydende husdyrgødning.       </p>       <p 
Fastsættelse at yderligere vilkår,1,Husdyrbrugloven,mfkn,"…år det, at der findes rødlistede arter pa strandengen Orestrand. Af den supplerende vejledning om fastsættelse at yderligere vilkår (p. 16) fremgår det, at når det er tilfældet skal områderne vurde"
Pelsdyrsfarme,1,Husdyrbrugloven,mfkn,"…il Miljøministeriet, skrivelse af 25. marts 2004:       </p>              <p>         Vejledning om pelsdyrsfarme.       </p>              <p>         Læhegn omkring farmen, paragraf 6, er ikke overh"
Naturstyrelsens vejledning om markstakke blev medsendt tilsynsbrevet af,1,Husdyrbrugloven,mfkn,…kompostlignende husdyrgødning med et tørstofindhold på mindst 30 % i overdækket markstak. Skov- og Naturstyrelsens vejledning om markstakke blev medsendt tilsynsbrevet af 2. maj 2007.       </p>     
Undersøgelse og oprensning af forurening fra villaolietanke nr,1,Jordforureningsloven,mfkn,"…, at miljømyndigheden, uanset hvordan forureningen er sket, kan meddele ejere af olietanke påbud om undersøgelse og oprensning af forureningen, såfremt der konstateres en olieforurening af jorden hid"
Oprydning på forurenede lokaliteter,1,Jordforureningsloven,mfkn,"…kumentationen heraf udføres i overensstemmelse med retningslinjerne i Miljøstyrelsens vejledning om oprydning på forurenede lokaliteter. Undersøgelsens resultater, resultatet af eventuel bortgravning"
Miljøstyrelsens vejledning om oprydning på forurenede lokaliteter,1,Jordforureningsloven,mfkn,"…til, at undersøgelserne og dokumentationen heraf udføres i overensstemmelse med retningslinjerne i Miljøstyrelsens vejledning om oprydning på forurenede lokaliteter. Undersøgelsens resultater, result"
Lagerbalancerne,1,Jordforureningsloven,mfkn,"…tolerance ligger over 5 promille.</p> <p>Sammenfattende skal det derfor slås fast, at alle tanke i lagerbalancernes periode må anes for at have været tætte. Da tankene ikke er udskiftet siden [virkso"
Villaolietanksforureninger,1,Jordforureningsloven,mfkn,"…februar 2010, fremsat som et krav. Kravet om risikovurdering er i øvrigt gennemgået i vejledning om villaolietanksforureninger, afsnit 7.3.2.</p> <p>Kommunen har derfor foretaget en samlet teknisk vu"
Villaolietanksforureninger skal afrapporteringen,1,Jordforureningsloven,mfkn,"…februar 2010, fremsat som et krav. Kravet om risikovurdering er i øvrigt gennemgået i vejledning om villaolietanksforureninger, afsnit 7.3.2.</p> <p>Kommunen har derfor foretaget en samlet teknisk vu"
Villaolietanke,1,Jordforureningsloven,mfkn,…linjerne i Milj&oslash;styrelsens vejledning om unders&oslash;gelse og oprensning af forurening fra villaolietanke. Afrapportering skal v&aelig;re Roskilde Kommune i h&aelig;nde senest den 7. januar 
Brug ved en eventuel klage til Miljøstyrelsen,1,Jordforureningsloven,mfkn,"…I stedet må vi henvise dig til at kontakte kommunen, som vil kunne fremsende en klagevejledning til brug ved en eventuel klage til Miljøstyrelsen.</p> <p>OM må imidlertid afvise, at den efterladte lo"
Indeklimarisici,1,Jordforureningsloven,mfkn,"…od miljø- og sundhedsmæssige risici i anvendelsesdybden. Tilsvarende fremgår det af vejledningen om indeklimarisici, at overholdelse af afdampningskriteriet på et af de anførte beregningstrin vil før"
Kortlægning af forurenede arealer,1,Jordforureningsloven,mfkn,"…i henhold til affaldsdepotloven, er uforenelig med Miljøstyrelsens vejledning 8/2000, vejledning om kortlægning af forurenede arealer. Ved jordforureningslovens vedtagelse blev affaldsdepotloven ophæ"
Metoder til fastsættelse af kvalitetskriterier for kemiske stoffer i jord,1,Jordforureningsloven,mfkn,"…er grundvand. Der henvises i denne forbindelse tillige til Miljøstyrelsens udkast til vejledning om metoder til fastsættelse af kvalitetskriterier for kemiske stoffer i jord, luft og drikkevand, hvor"
Beregning af klagefrister lagt til grund,1,Krydsoverensstemmelse og konditionalitet,mfkn,"…-left:0cm; margin-right:0cm;"">Det fremg&aring;r af punkt 3.1.1, i Justitsministeriets vejledning om beregning af klagefrister,<a href=""#_ftn5"" name=""_ftnref5"" title="""">[5]</a> at en myndighed som udg"
Modtager,1,Krydsoverensstemmelse og konditionalitet,mfkn,"…at g&oslash;dningen ikke er udbragt p&aring; landbrugers arealer samt den fejlagtige vejledning til modtager, finder vi ikke grundlag for at anmode Milj&oslash;- og F&oslash;devareklagen&aelig;vnet o"
Korrekt afvikling ikke fører til,1,Krydsoverensstemmelse og konditionalitet,mfkn,"…ommunen vejledte klager. Nævnet vurderer som følge heraf også, at kommunens manglende vejledning om korrekt afvikling ikke fører til, at kravet om alarm ikke gælder i klagers tilfælde. Det er desuden"
Kontrol med febr,1,Krydsoverensstemmelse og konditionalitet,mfkn,"…s=""small""><dd><sup><a id=""footnote10""> </a>10</sup>Punkt 2.3 i NaturErhvervstyrelsens Vejledning om kontrol med febr. 2013 (www.naturerhverv.dk).</dd></dl><dl class=""small""><dd><sup><a id=""footnote11"
Punktafgifter,1,Krydsoverensstemmelse og konditionalitet,mfkn,"…Urea til brug for afisning er omfattet af afgiftspligten. Det fremgår af SKATs vejledning om punktafgifter (afsnittet om afgiftspligtige varer til anden brug). Det fremgår af kvælstofafgiftsloven, at"
Bidragspligt,1,Kystbeskyttelsesloven,mfkn,"…ejere af fast ejendom, som opn&aring;r en beskyttelse eller anden fordel af foranstaltningerne, en bidragspligt, jf. kystbeskyttelseslovens &sect; 9 a.</p><p>Det fremg&aring;r af afg&oslash;relsen, a"
"Kystdirektoratets vejledning om bidragsfordeling, hvor det fremg",1,Kystbeskyttelsesloven,mfkn,"…sanl&aelig;gget etableres til kote 2,18 m DVR90. I den forbindelse har Nordfyns Kommune henvist til Kystdirektoratets vejledning om bidragsfordeling, hvor det fremg&aring;r, at der over 50 &aring;r v"
Vejledning nr. 10023 af 8. december 2021,1,Kystbeskyttelsesloven,mfkn,"…onen mod Spanien).</p></div><div id=""ftn18""><p><a href=""#_ftnref18"" name=""_ftn18"" title="""">[18]</a> Vejledning nr. 10023 af 8. december 2021.</p></div><div id=""ftn19""><p><a href=""#_ftnref19"" name=""_f"
Hvilken vedtægt der er den gyldige,1,Kystbeskyttelsesloven,mfkn,"…august 2019 til klagen anført, at det er korrekt, at Struer Kommune har fremsendt en udtalelse om, hvilken vedtægt der er den gældende for [forening1]. Struer Kommune har ud fra § 12, stk. 1, i kystb"
Grundbetaling og tilskudsberettigede arealer,1,Landbrugsstøtte,mfkn,…ning og Vandmilj&oslash;) afg&oslash;relse af 21. marts 2024 om afslag p&aring; ans&oslash;gning om grundbetaling og tilskud til milj&oslash;- og klimavenligt gr&aelig;s for 2023.</p><p>Milj&oslash;-
Vejledning nr. 9309 af 1. februar 2023,1,Landbrugsstøtte,mfkn,"…krydsoverensstemmelse.</p></div><div id=""ftn6""><p><a href=""#_ftnref6"" name=""_ftn6"" title="""">[6]</a> Vejledning nr. 9309 af 1. februar 2023 om tilskud til m&aring;lrettet kv&aelig;lstofregulering 2023"
Anvendelsen af billeddokumentation,1,Landbrugsstøtte,mfkn,"…ager ikke har kontaktet Landbrugsstyrelsen direkte med henblik p&aring; at opn&aring; vejledning om anvendelsen af billeddokumentation. Herefter har n&aelig;vnet vurderet, at styrelsen ikke af egen d"
Brug af styrelsens app og vejledninger til,1,Landbrugsstøtte,mfkn,"…21. I den forbindelse har styrelsen bem&aelig;rket, at h&oslash;ringssvar skal afgives digitalt ved brug af styrelsens app, hvilket klager havde undladt. Styrelsen har videre bem&aelig;rket, at styre"
Reglerne om force majeure,1,Landbrugsstøtte,mfkn,…mtaler af 22. og 26. marts 2021 samt e-mail af 22. marts 2021 har givet en mangelfuld vejledning om reglerne om force majeure og us&aelig;dvanlige omst&aelig;ndigheder. Herved har n&aelig;vnet lagt v
Reglerne samt henvise til det rigtige skema,1,Landbrugsstøtte,mfkn,"…f3"" title="""">[3]</a> Hertil har klager henvist til, at det er styrelsens pligt at yde vejledning om reglerne samt henvise til det rigtige skema. I den forbindelse har klager henvist til &sect; 4, stk"
Udarbejde af administrative forskrift,1,Landbrugsstøtte,mfkn,"…flere sager, bl.a. FOB.1989.168. Klager har endeligt henvist til Justitsministeriets vejledning om udarbejde af administrative forskrift, hvoraf det fremg&aring;r, at en myndighed, der har udstedt en"
"Justitsministeriets vejledning om udarbejde af administrative forskrift, hvoraf det fremg",1,Landbrugsstøtte,mfkn,"…jf. udtalelser fra ombudsmanden i flere sager, bl.a. FOB.1989.168. Klager har endeligt henvist til Justitsministeriets vejledning om udarbejde af administrative forskrift, hvoraf det fremg&aring;r, a"
Slagtepræmie,1,Landbrugsstøtte,mfkn,"…genævnet har truffet afgørelse efter § 4, stk. 2, i bekendtgørelse nr. 1547 af 11. december 2015 om slagtepræmie for kvier, tyre og stude, jf. § 7, stk. 2, i bekendtgørelse nr. 1378 af 1. december 20"
Grøn støtte,1,Landbrugsstøtte,mfkn,…et stadfæster Landbrugsstyrelsens afgørelse af 18. november 2019 om grundbetaling og nedsættelse af grøn støtte 2019 på [adresse1].</p> <p>Miljø- og Fødevareklagenævnets afgørelse er endelig og kan i
Betalingsrettigheder og national reserve,1,Landbrugsstøtte,mfkn,"…enævnet af landbruger.</p> <p>Klager har navnlig anført, at</p> <ul> <li>klager havde rådighed over betalingsrettigheder den 21. maj 2019, og</li> <li>betalingsrettighederne var tilknyttet klagers sa"
Det pågældende forhold,1,Landbrugsstøtte,mfkn,"…Herefter har Landbrugsstyrelsen henvist til, at der på hjemmesiden findes en udførlig vejledning om det pågældende forhold. Derfor har styrelsen vurderet, at styrelsen har opfyldt sin vejledningsforp"
Grundbetaling og national reserve,1,Landbrugsstøtte,mfkn,"…ævnte forordning. <a href=""#footnote-ref-4""> ↑ </a></p> </li> <li id=""footnote-5""> <p>Vejledning om grundbetaling og national reserve, afsnit 1.4.2. <a href=""#footnote-ref-5""> ↑ </a></p> </li> <li id"
Ansøgningsfrister var ansvarspådragende,1,Landbrugsstøtte,mfkn,"…til at behandle klagepunktet om, at Landbrugsstyrelsens ændring af praksis vedrørende vejledning om ansøgningsfrister var ansvarspådragende.</p> <p>Miljø- og Fødevareklagenævnet fandt, at nævnet ikke"
Løsning af udfordringen,1,Landbrugsstøtte,mfkn,"…ddelelsen af 30. april og via e-mail af 2. april 2019 [rettelig 2. maj 2019] har fået vejledning om løsning af udfordringen. Styrelsen har vurderet, at afgørelsen er korrekt grundet klages passivitet"
Ændring af støtteprocenten for mark nr,1,Landbrugsstøtte,mfkn,"…sstyrelsen, ikke har løftet bevisbyrden for at have modtaget mangelfuld eller forkert vejledning om ændring af støtteprocenten for mark nr. 3. Nævnet har herudover lagt vægt på, at styrelsen overordn"
At ansøge om tilsagn om økologisk arealtilskud for mark nr,1,Landbrugsstøtte,mfkn,"…registreret korrekt.</p> <p>Landbrugsstyrelsen har endvidere bemærket, at klager blev blokeret fra at ansøge om tilsagn om økologisk arealtilskud til mark nr. 1, idet marken overlappede med en sø, de"
Reglerne for inddragelse af betalingsrettigheder,1,Landbrugsstøtte,mfkn,"…ar navnlig anført, at</p> <ul> <li>Landbrugsstyrelsen ikke ydede klager tilstrækkelig vejledning om reglerne for inddragelse af betalingsrettigheder,</li> <li>der opstod blokerende fejl ved indsendel"
Sen udsat såfrist,1,Landbrugsstøtte,mfkn,"…bør tilsidesættes, da den ikke blev gennemført i henhold til Landbrugsstyrelsens egen vejledning om sen udsat såfrist. Kravene til kontrol om dækning efter trappemodellen var opgivet, og der skulle a"
Ansøgning om beta-lingsrettigheder fra den nationale reserve,1,Landbrugsstøtte,mfkn,"…at overflytte betalingsrettighederne.</p> <p>Klager anførte, at det ikke følger af vejledningen til ansøgning om beta-lingsrettigheder fra den nationale reserve, at man skal overføre betalings-rettig"
Økologisk arealtilskud kun omfatter moser og heder og ikke overdrev,1,Landbrugsstøtte,mfkn,"…reklagenævnet har truffet afgørelse efter § 9, nr. 2, i bekendtgørelse nr. 80 af 28. januar 2015 om økologisk arealtilskud, jf. § 11 a, stk. 1, i lov om Landdistriktsfonden. <sup> <a id=""footnote-ref"
Økologisk arealstøtte blev nævnt,1,Landbrugsstøtte,mfkn,"…3> <p>Ved klage af 17. september 2015 har klager anført, at det i Landbrugsstyrelsens vejledning om økologisk arealstøtte blev nævnt, at det var muligt at ansøge om økologisk arealstøtte på arealer b"
Økologisk arealtilskud,1,Landbrugsstøtte,mfkn,"…reklagenævnet har truffet afgørelse efter § 9, nr. 2, i bekendtgørelse nr. 80 af 28. januar 2015 om økologisk arealtilskud, jf. § 11 a, stk. 1, i lov om Landdistriktsfonden. <sup> <a id=""footnote-ref"
Direkte arealstøtte,1,Landbrugsstøtte,mfkn,…areklagenævnet giver ikke medhold i klagen over Landbrugsstyrelsens afgørelse af 24. august 2018 om direkte arealstøtte 2015 og om nedsættelse af grøn støtte 2015 på [adresse1].</p> <p>Miljø- og Føde
Støtte til unge nyetablerede landbrugere,1,Landbrugsstøtte,mfkn,"…sstyrelsen truffet afgørelse om direkte arealstøtte 2018, herunder afgørelse om, at klager ikke får støtte til unge nyetablerede landbrugere.</p> <p>Landbrugsstyrelsen har begrundet afslaget på støtt"
Støtte til unge nyetablerede landbrugere anført,1,Landbrugsstøtte,mfkn,"…sstyrelsen truffet afgørelse om direkte arealstøtte 2018, herunder afgørelse om, at klager ikke får støtte til unge nyetablerede landbrugere.</p> <p>Landbrugsstyrelsen har begrundet afslaget på støtt"
Arealstøtte,1,Landbrugsstøtte,mfkn,"…a 1894. Herudover har klager anført, at klager støtter sin ret på Landbrugsstyrelsens vejledning om arealstøtte, ifølge hvilken det ikke er et krav for at modtage grundbetaling til et areal, at areal"
At indsende skriftlig erklæring om at have overholdt betingelserne i tilsagnet,1,Landbrugsstøtte,mfkn,"…ndsendt Fællesskema, men i stedet kontaktet Landbrugsstyrelsen telefonisk og modtaget vejledning om at indsende skriftlig erklæring om at have overholdt betingelserne i tilsagnet.</p> <p>Landbrugssty"
Brug for ansøgere af direkte arealstøtte,1,Landbrugsstøtte,mfkn,"…lsen har bemærket, at der for ansøgningsrunden i 2015 både var udarbejdet en generel vejledning til brug for ansøgere af direkte arealstøtte, og der var udviklet brugerguides til Fællesskemaet og Int"
Producentskifte,1,Landbrugsstøtte,mfkn,…areklagenævnet giver ikke medhold i klage over Landbrugsstyrelsens afgørelse af 31. oktober 2017 om producentskifte af tilsagn om økologisk arealtilskud.</p> <p>Miljø- og Fødevareklagenævnets afgørel
Ansøgning om betalingsrettigheder fra den nationale reserve,1,Landbrugsstøtte,mfkn,"…at overflytte betalingsrettighederne.</p> <p>Klager anførte, at det ikke følger af vejledningen til ansøgning om betalingsrettigheder fra den nationale reserve, at man skal overføre betalingsrettighe"
Klager i forbindelse med ansøgningen om økologisk arealtilskud,1,Landbrugsstøtte,mfkn,"…april 2016 over den manglende udbetaling, samt over Landbrugsstyrelsens telefoniske vejledning til klager i forbindelse med ansøgningen om økologisk arealtilskud. Klager fandt sig fejlagtigt behandle"
Ansøgningsfrister forud for ansøgningsfristen ikke er en administrativ afgørelse,1,Landbrugsstøtte,mfkn,"…ember 2015 har klager gjort gældende, at man som landmand plejer at modtage et brev om ordninger og ansøgningsfrister forud for det pågældende ansøgningsår. I 2015 har Landbrugsstyrelsen uden varsel "
Braklagte arealer medgiver styrelsen,1,Landbrugsstøtte,mfkn,"…s bemærkning om, at der ikke står beskrevet en minimumshøjde i Landbrugsstyrelsens vejledning vedr. braklagte arealer medgiver styrelsen, at dette er korrekt. Styrelsen anfører, at det således er kor"
Udfyldelse af Fællesskemaet efter ansøgningsfristen,1,Landbrugsstøtte,mfkn,"…og støtte for 3,80 ha. Efterfølgende bliver du telefonisk vejledt af NaturErhvervstyrelsen omkring udfyldelse af Fællesskema hhv. den 6. og 7. maj 2015, hvorefter der skete en elektronisk indsendelse"
Tilsagn til miljø- og økologiordninger og miljøvenlige jordbrugsforanstaltninger,1,Landbrugsstøtte,mfkn,"…økologisk jordbrug.</dd></dl><dl class=""small""><dd><sup><a id=""footnote9""> </a>9</sup>Vejledning om tilsagn til miljø- og økologiordninger og miljøvenlige jordbrugsforanstaltninger (for tilsagn givet"
Tilskud til græs- og naturarealer fremgår,1,Landbrugsstøtte,mfkn,"…tering af ansøgningerne er taget i anvendelse.</p><p>Du har anført i klagen, at det i Vejledning om tilskud til græs- og naturarealer fremgår, at arealer under vådområdeprojektet er støtteberettiget,"
Reglerne for tilskud til pleje af græs- og naturarealer,1,Landbrugsstøtte,mfkn,"…erunder bierhverv). NaturErhvervstyrelsens hjemmeside indeholder en ganske omfattende vejledning om reglerne for tilskud til pleje af græs- og naturarealer, og du har her haft mulighed for at oriente"
Tilsagn til miljø- og økologiordninger,1,Landbrugsstøtte,mfkn,"…betaling af tilskud på Fællesskema 2013. Der henvises også til NaturErhvervstyrelsens vejledning om tilsagn til miljø- og økologiordninger, hvori der gøres opmærksom på, at erhververen skal opfylde b"
Randzoner og kompensation,1,Landbrugsstøtte,mfkn,"…pørgsmålet, om der kan opnås randzonekompensation, kan der blandt andet henvises til ""Vejledning om randzoner og kompensation, April 2013"", hvor det fremgår hvilke typer arealer, der kan gives kompen"
Vejledning nr. 9947 af 2. juli 2025,1,Miljøbeskyttelsesloven,mfkn,"…bem&aelig;rkninger.</p><p><a href=""#_ftnref7"" name=""_ftn7"" title="""">[7]</a> Milj&oslash;styrelsens vejledning nr. 9947 af 2. juli 2025 om boringsn&aelig;re beskyttelsesomr&aring;der (BNBO) REVIDERET "
Vejledning nr. 12415 af 1. januar 2001,1,Miljøbeskyttelsesloven,mfkn,"…/p></div><div id=""ftn7""><p><a href=""#_ftnref7"" name=""_ftn7"" title="""">[7]</a> Milj&oslash;styrelsens vejledning nr. 12415 af 1. januar 2001 om begr&aelig;nsning af luftforurening fra virksomheder.</p>"
Basistilstandsrapport,1,Miljøbeskyttelsesloven,mfkn,"…er S&oslash;nderborg Kommunes afg&oslash;relse af 25. august 2020 om p&aring;bud om udarbejdelse af basistilstandsrapport til [Virksomhed1], [Adresse1], 6400 S&oslash;nderborg.</p><p>S&oslash;nderbor"
Vejledning nr. 14002 af 31. marts 1995,1,Miljøbeskyttelsesloven,mfkn,"…juni 1998,<a href=""#_ftn14"" name=""_ftnref14"" title="""">[14]</a> der supplerer Milj&oslash;styrelsens vejledning nr. 14002 af 31. marts 1995 (2/1995)<a href=""#_ftn15"" name=""_ftnref15"" title="""">[15]</a>"
Miljøstyrelsens vejledning om kunstgræsbaner,1,Miljøbeskyttelsesloven,mfkn,"…rtil: <a href=""https://mst.dk/publikationer/2018/maj/vejledning-om-kunstgraesbaner"" title=""Link til Miljøstyrelsens vejledning om kunstgræsbaner"">https://mst.dk/publikationer/2018/maj/vejledning-om-k"
Virksomheden om,1,Miljøbeskyttelsesloven,mfkn,"…ame=""_ftnref7"" title="""">[7]</a>&nbsp; Accepten har s&aring;ledes blot karakter af en vejledning til virksomheden om, hvilken retsstilling der g&aelig;lder p&aring; omr&aring;det, og hvilke forpligtel"
Spildevandsplanen,1,Miljøbeskyttelsesloven,mfkn,"…for maksimale tilledninger fra enkelte delomr&aring;der, vil disse vilk&aring;r skulle afspejles i spildevandsplanen. Kan vilk&aring;rene ikke im&oslash;dekommes, m&aring; der enten ske en forsinkels"
Vejledning nr. 9381 af 9. april 2019,1,Miljøbeskyttelsesloven,mfkn,"…<a href=""#_ftnref34"" name=""_ftn34"" style=""color:blue; text-decoration:underline;"" title="""">[34]</a> Vejledning nr. 9381 af 9. april 2019 om reglerne for ekspropriation efter planloven.</p></div></div"
Borgerne om korrekt sortering,1,Miljøbeskyttelsesloven,mfkn,"…lig;rker, at det ikke kan f&oslash;re til en anden vurdering, at der i forvejen ydes vejledning til borgerne om korrekt sortering, og at der if&oslash;lge klager ikke er problemer med meget fejlsorte"
Indvirkningens intensitet og kompleksitet,1,Miljøbeskyttelsesloven,mfkn,"…style=""margin-left:0cm; margin-right:0cm"">Desuden fremg&aring;r det af udkastet til vejledningen om indvirkningens intensitet og kompleksitet, at graden af indvirkningen m&aring; antages at v&aelig;r"
Basistilstandsrapport samt virksomhedens vurdering af,1,Miljøbeskyttelsesloven,mfkn,"…lig;ver Milj&oslash;styrelsens afg&oslash;relse af 3. januar 2022 om p&aring;bud om udarbejdelse af basistilstandsrapport til DAKA ecoMotion, [A1], 8723 L&oslash;sning, og hjemviser sagen til fornyet"
Tolkning af output af OML-modellen,1,Miljøbeskyttelsesloven,mfkn,"…ktober 2016.</p><p style=""margin-left:0cm; margin-right:0cm;"">Det fremg&aring;r af vejledningen til tolkning af output af OML-modellen,<a href=""#_ftn26"" name=""_ftnref26"" style=""color:blue; text-decor"
Tolkning af OML-modellen,1,Miljøbeskyttelsesloven,mfkn,"…</a></p><p style=""margin-left:0cm; margin-right:0cm;"">Det fremg&aring;r desuden af vejledningen til tolkning af OML-modellen, at hvis beregninger er foretaget p&aring; baggrund af et &aring;rs meteor"
Forlystelsesparker,1,Miljøbeskyttelsesloven,mfkn,"…ke beskrivelse i afg&oslash;relsen henvist til Milj&oslash;styrelsens vejledning om st&oslash;j fra forlystelsesparker,<a href=""#_ftn9"" name=""_ftnref9"" title="""">[9]</a> og i den forbindelse bem&aelig"
Forlystelsesparker er angivet,1,Miljøbeskyttelsesloven,mfkn,"…K&oslash;benhavns Kommune anf&oslash;rt, det i Milj&oslash;styrelsens vejledning om st&oslash;j fra forlystelsesparker er beskrevet, at st&oslash;j fra koncerter og forlystelser reguleres af separate"
Indsatsplaner,1,Miljøbeskyttelsesloven,mfkn,…t milj&oslash;m&aring;lene i vandrammedirektivets regi er bindende og skal l&aelig;gges til grund i indsatsplaner. Der kan s&aring;ledes ikke fasts&aelig;ttes andre milj&oslash;m&aring;l for indholde
Håndbog om Miljø og Planlægning normalt klassificeres som mil,1,Miljøbeskyttelsesloven,mfkn,"…virksomhedens aktiviteter kan sammenlignes med aktiviteter på levnedsmiddelvirksomheder, der ifølge Håndbog om Miljø og Planlægning normalt klassificeres som miljøklasse 3-4, og det er derfor kommune"
Håndbog om Miljø og Planlægning anbefalede,1,Miljøbeskyttelsesloven,mfkn,"…virksomhedens aktiviteter kan sammenlignes med aktiviteter på levnedsmiddelvirksomheder, der ifølge Håndbog om Miljø og Planlægning normalt klassificeres som miljøklasse 3-4, og det er derfor kommune"
"Miljøstyrelsens vejledning om beregning af ekstern støj fra virksomheder, og at dets resul",1,Miljøbeskyttelsesloven,mfkn,"…støjgener, og at kommunen derfor har meddelt påbud om støjdæmpende foranstaltninger på baggrund af Miljøstyrelsens vejledende brev fra 1997 til Storstrøms Amt vedrørende regulering af menneskelig stø"
Støj fra motorsportsbaner nr,1,Miljøbeskyttelsesloven,mfkn,"…""#footnote-ref-12""> ↑ </a></p> </li> <li id=""footnote-13""> <p>Miljøstyrelsens vejledning nr. 2/200: Støj fra motorsportsbaner. <a href=""#footnote-ref-13""> ↑ </a></p> </li> <li id=""footnote-14""> <p>Mi"
Miljøstyrelsens vejledning om støj fra motorsportsbaner nr,1,Miljøbeskyttelsesloven,mfkn,"…t beskyttelse af visse arter. <a href=""#footnote-ref-12""> ↑ </a></p> </li> <li id=""footnote-13""> <p>Miljøstyrelsens vejledning nr. 2/200: Støj fra motorsportsbaner. <a href=""#footnote-ref-13""> ↑ </a>"
Støj fra forlystelsesparker,1,Miljøbeskyttelsesloven,mfkn,…ke vilkår i miljøgodkendelsen ikke er fuldt ud i overensstemmelse med miljøstyrelsens vejledning om støj fra forlystelsesparker.</li> </ul> <p>Klagepunkterne er nærmere uddybet i afsnit 2.3.</p> <p>M
Beregning og måling af støj fra skydebaner,1,Miljøbeskyttelsesloven,mfkn,"…anevejledningen <sup> <a id=""footnote-ref-5"" href=""#footnote-5""> [5] </a> </sup> og vejledningen om beregning og måling af støj fra skydebaner. <sup> <a id=""footnote-ref-6"" href=""#footnote-6""> [6] </"
Vejledning nr. 28 af 1.juni 2018,1,Miljøbeskyttelsesloven,mfkn,"…Miljø- og Fødevareklagenævnet. <a href=""#footnote-ref-2""> ↑ </a></p> </li> <li id=""footnote-3""> <p>Vejledning nr. 28 af 1.juni 2018. <a href=""#footnote-ref-3""> ↑ </a></p> </li> </ol>…"
Kommunen om,1,Miljøbeskyttelsesloven,mfkn,"…udledning af overfladevand bør ophæves og sagen hjemvises til fornyet behandling med vejledning til kommunen om, at udledningen skal forsinkes, eller at der skal gennemføres en regulering af vandløbe"
B-værdier,1,Miljøbeskyttelsesloven,mfkn,"…r C2 meddelte krav til afkastindretningen fra VRU 2 (dampgenvindingsenheden) sikrer overholdelse af B-værdier for de udledte stoffer, idet der ikke foretages en vurdering af emissionerne af nmVOC. Vi"
Grænseværdier for lavfrekvent støj,1,Miljøbeskyttelsesloven,mfkn,"…mhedens lavfrekvente støj. Vilkåret er fastsat i overensstemmelse med Miljøstyrelsens vejledning om grænseværdier for lavfrekvent støj.</p> <p>Det fremgår endvidere af sagen, at virksomheden har fors"
Miljøstyrelsens vejledning om grænseværdier for lavfrekvent støj,1,Miljøbeskyttelsesloven,mfkn,…stsat grænseværdier for virksomhedens lavfrekvente støj. Vilkåret er fastsat i overensstemmelse med Miljøstyrelsens vejledning om grænseværdier for lavfrekvent støj.</p> <p>Det fremgår endvidere af s
Boringer på land,1,Miljøbeskyttelsesloven,mfkn,"…> risikoen for kavitetsdannelse og sprækkestrømning. Der henvises til Miljøstyrelsens vejledning om boringer på land, 2013.</p> <p>Esbjerg Kommune oplyser, at de ansøgte boringer vil gennembore flere"
Miljøstyrelsens vejledning om boringer på land,1,Miljøbeskyttelsesloven,mfkn,"…asing ikke <em> udelukker </em> risikoen for kavitetsdannelse og sprækkestrømning. Der henvises til Miljøstyrelsens vejledning om boringer på land, 2013.</p> <p>Esbjerg Kommune oplyser, at de ansøgte"
Ekstern støj fra virksomheder ligger op til,1,Miljøbeskyttelsesloven,mfkn,"…eller støjmålingerne viser, at de vejledende støjgrænser i Miljøstyrelsens vejledning nr. 5/1984 om ekstern støj fra virksomheder ikke kan overholdes, skal virksomheden fremsende en teknisk/økonomisk"
"Miljøstyrelsens vejledning om ekstern støj fra virksomheder ligger op til, at natperioden",1,Miljøbeskyttelsesloven,mfkn,…<em> kursiv:<br /><br /></em> 4. Virksomheden skal lade en certificeret rådgiver undersøge om <em> Miljøstyrelsens vejledende støjgrænse på 40dB(A) samt </em> maksimalværdien på 55 dB(A) overholdes h
Olieudskilleranlæg kan genfinde de oplysninger,1,Miljøbeskyttelsesloven,mfkn,"…/p> <p>Miljø- og Fødevareklagenævnet bemærker, at nævnet ikke i Teknologisk Instituts vejledning om olieudskilleranlæg kan genfinde de oplysninger, som af kommunen anføres i udledningstilladelsens ta"
Vandområdeplanerne,1,Miljøbeskyttelsesloven,mfkn,"…pecifikt for planlægningen af bl.a. biogasanlæg.</p> <p>Vandplanerne er pr. 27. juni 2016 afløst af vandområdeplanerne, der for anden planperiode er baseret på en opdatering og videreførelse af vandp"
Miljøkrav til store olieoplag omfatter også oplysninger om,1,Miljøbeskyttelsesloven,mfkn,"…"" href=""#83810905780455-footnote-4""> [4] </a> </sup> samt Miljøstyrelsens vejledning nr. 2/2011 om ”Miljøkrav til store olielagre” og Miljøstyrelsens vejledninger om luftforurening og støj.</p> <p> <"
Støj fra flyvepladser nr,1,Miljøbeskyttelsesloven,mfkn,"…class=""small""><dd> <sup><a id=""footnote5"">&nbsp;</a>5</sup>Vejledning fra Miljøstyrelsen nr. 5/1994 Støj fra flyvepladser, kapitel 4</dd></dl>       <p>Der er sammen med godkendelsen også givet tilla"
Anlægsbegrebet,1,Miljøbeskyttelsesloven,mfkn,"…IED sammenhæng ville blive betragtet som et samlet anlæg. Vi henviser til kommissions vejledning om anlægsbegrebet, som er vedhæftet. Vejledningen kan findes her.</p> <p>http://ec.europa.eu/environme"
"Miljøstyrelsens vejledning om biologisk bedømmelse af vandkvalitet, at der ved vurdering a",1,Miljøbeskyttelsesloven,mfkn,"…rdering af tilstanden i Vejle Å.</p> <dl class=""small""><dd> <sup><a id=""footnote5"">&nbsp;</a>5</sup>Miljøstyrelsens vejledning nr. 5 fra 1998 om biologisk bedømmelse af vandløbskvalitet.</dd></dl> <p"
Fastsættelse af skydetid m,1,Miljøbeskyttelsesloven,mfkn,"…onomiske grunde ikke er muligt, kan bestemmelserne for eksisterende skydebaner fortsat anvendes ved fastsættelse af skydetider.</p> <p>         FBE har på den baggrund gennemført undersøgelse af støj"
Vandindvinding,1,Miljøbeskyttelsesloven,mfkn,"…ed meget sårbart grundvandsmagasin. Der henvises i øvrigt til Storstrøms Amts vejledning vedrørende vandindvinding.""</p> <p>Ifølge Naturstyrelsens grundvandskortlægning for Lolland, december 2013, li"
Støj foreskriver,1,Miljøbeskyttelsesloven,mfkn,"…e varighed, hvor der flishugges f.eks. 3-5 timer i løbet af en dag. Miljøministeriets vejledning om støj foreskriver, at støj i dagtimerne på hverdage kan midles over 8 timer, og højere støjniveauer "
Håndbog om Miljø og Planlægning i et område,1,Miljøbeskyttelsesloven,mfkn,"…godkendelsen er tilladt at etablere en virksomhed, der typisk indplaceres i klasse 6 i henhold til Håndbog om Miljø og Planlægning i et område, der i henhold til Århus Kommunes Kommuneplan 2001 er ud"
En hensigtsmæssig placering er gældende,1,Miljøbeskyttelsesloven,mfkn,"…udover rejses der tvivl om, hvorvidt støjberegningen er korrekt, og om kravet i støjvejledningen om en hensigtsmæssig placering er gældende, når skydebanen behandles efter reglerne for nye skydebaner"
"Miljøstyrelsens vejledning om små ammoniakkøleanlæg, tager udgangspunkt i, at anlægget til",1,Miljøbeskyttelsesloven,mfkn,"…leanlægget på [virksomhed3]. Beregningen, som er baseret på metoderne i det foreliggende udkast til Miljøstyrelsens vejledning om små ammoniakkøleanlæg, tager udgangspunkt i, at anlægget til fulde op"
Godkendelse af saltvandsbaseret fiskeopdræt anfører,1,Miljøbeskyttelsesloven,mfkn,…g 2 til godkendelsesbekendtgørelsen.</p> <p>           Godkendelsesbekendtgørelsen og vejledning om godkendelse af saltvandsbaseret fiskeopdræt8 finder anvendelse ved miljøgodkendelse af havbrug.</p>
Miljøstyrelsens vejledning om beregning af støj fra skydebaner og ved anvendelse af beregn,1,Miljøbeskyttelsesloven,mfkn,"…ejledningen af 19954:</p> <dl class=""small""><dd> <sup><a id=""footnote4"">&nbsp;</a>4</sup>           Miljøstyrelsens vejledning nr. 1/1995: ""Skydebaner""</dd></dl> <p><u>""200 m banen, maks. 68 dB</u></"
Ekstern støj fra virksomheder opstillet vejledende støjgrænser,1,Miljøbeskyttelsesloven,mfkn,"…- og aftenperioden under kampagneperioden.</p> <p>         Miljøstyrelsen har i støjvejledningen om ekstern støj fra virksomheder opstillet vejledende støjgrænser, som kommunen normalt følger i forbi"
Håndbog om Miljø og Planlægning en klasse,1,Miljøbeskyttelsesloven,mfkn,…er vurderet og det sikres at grænseværdierne for støj og lugt ikke overskrides. Biogasanlæg er jf. Håndbog om Miljø og Planlægning en klasse 7 virksomheder. Håndbogen indeholder en række anbefalinger
Syn af køretøjer,1,Miljøbeskyttelsesloven,mfkn,"…</p> <p>Alle køretøjer som anvendes på [virksomhed1] opfylder støjgrænseværdierne i Vejledningen om syn af køretøjer, og de synes jævnligt. Mariagerfjord Kommune vurderer således, at støjgrænseværdie"
"Miljøstyrelsens vejledning om godkendelse af listevirksomheder, der vedrører behandling af",1,Miljøbeskyttelsesloven,mfkn,"…ften eller foretagelse af bestemte aktiviteter.</p> <p>Følgende fremgår blandt andet af Kapitel 8 i Miljøstyrelsens vejledning om godkendelse af listevirksomheder, der vedrører behandling af ansøgnin"
Håndtering af klinisk risikoaffald,1,Miljøbeskyttelsesloven,mfkn,"…fald i risikogrupper I og II, jf. afsnit C1 Klassificering i bilag C, Miljøstyrelsens vejledning om håndtering af klinisk risikoaffald, vejledning nr. 4, 1998.</p> <p>13. Farligt affald må som timege"
"Miljøstyrelsens vejledning om håndtering af klinisk risikoaffald, vejledning nr",1,Miljøbeskyttelsesloven,mfkn,"…r 2002. Der må kun modtages affald i risikogrupper I og II, jf. afsnit C1 Klassificering i bilag C, Miljøstyrelsens vejledning om håndtering af klinisk risikoaffald, vejledning nr. 4, 1998.</p> <p>13"
Miljøstyrelsens vejledning om store olieoplag,1,Miljøbeskyttelsesloven,mfkn,"…d på 8 år, idet virksomheden henviser til, at inspektionshyppigheden for de pågældende tanke ifølge Miljøstyrelsens vejledning om Miljøkrav til store olieoplag, vejledning nr. 2/2011, der som udgangs"
Afgørelsen fremgår,1,Miljøbeskyttelsesloven,mfkn,"…nen har oplyst, at afgørelsen er truffet med hjemmel i byggelovens § 16 C. Af klagevejledningen til afgørelsen fremgår, at den kan påklages til Statsforvaltningen inden fire uger fra din modtagelse a"
Laserskæring i plast fra Miljøstyrelsen,1,Miljøbeskyttelsesloven,mfkn,"…fæster Rebild Kommunes afgørelse af 24. oktober 2013 om påbud om lugt- og luftemissionsmålinger ved laserskæring i plast på virksomheden [virksomhed1] A/S, [adresse1], 0530 Støvring med følgende ændr"
Skydebaner for så vidt angår boligerne,1,Miljøbeskyttelsesloven,mfkn,"…udarbejdelsen af miljøgodkendelsen er sket med udgangspunkt i Miljøstyrelsens vejledning vedrørende skydebaner for så vidt angår boligerne, og med udgangspunkt i konsekvensvurderingen for så vidt ang"
Støjbegrænsende tiltag overfor mørtelanlægget,1,Miljøbeskyttelsesloven,mfkn,"…, at der er gjort tilstrækkelige, eller findes udsigter til, at der vil blive udført tilstrækkelige støjbegrænsende tiltag.""</p> <p>5. ""l forbindelse med tunnelboringens start vil fremdriften være la"
Grovvarebranchen væsentligt lempeligere end de krav,1,Miljøbeskyttelsesloven,mfkn,"…r er normalt forekommende ved tørring af grøntafgrøderne, er derfor i Miljøstyrelsens vejledning om grovvarebranchen væsentligt lempeligere end de krav, der kan stilles til anlæg, hvor der tørres and"
Retningslinjer for grovvarebranchen,1,Miljøbeskyttelsesloven,mfkn,"…</p> <p>Udgangspunktet for vurderingen af virksomheden er Miljøstyrelsens vejledning nr. 4/1991 om Retningslinjer for grovvarebranchen (foderstofvejledningen), Miljøstyrelsens Luftvejledning6 samt få"
"Miljøstyrelsens vejledning om grovvarebranchen væsentligt lempeligere end de krav, der kan",1,Miljøbeskyttelsesloven,mfkn,"…5 m højde udenfor virksomhedens skel ved boligområder, og målt som minutmiddel værdi, som angivet i Miljøstyrelsens vejledning nr. 4/1985 ""Begrænsning af lugtgener fra virksomheder"".</p> <p>Kan lugtg"
Miljøstyrelsens vejledning om retningslinjer for grovvarebranchen,1,Miljøbeskyttelsesloven,mfkn,"…5 m højde udenfor virksomhedens skel ved boligområder, og målt som minutmiddel værdi, som angivet i Miljøstyrelsens vejledning nr. 4/1985 ""Begrænsning af lugtgener fra virksomheder"".</p> <p>Kan lugtg"
Den stedlige taksationskommission,1,Miljøbeskyttelsesloven,mfkn,…fører lodsejerne bag lyset ved ikke at anvende denne aftale. Der er ikke givet klagevejledning til den stedlige taksationskommission. Ligeledes er klagevejledningen efter vejlovgivningen mangelfuld.<
"Miljøstyrelsens vejledning om motorsportsbaner, og at der i kompensationsregnskabet for",1,Miljøbeskyttelsesloven,mfkn,"…med reduktion i træningstiden. Hertil anføres bl.a., at muligheden for kompensation ikke fremgår af Miljøstyrelsens vejledning om motorsportsbaner, og at der i kompensationsregnskabet for 2010 bl.a. "
Begrænsning af støj fra virksomheder,1,Miljøbeskyttelsesloven,mfkn,"…r Miljøstyrelsens holdning, at støjgrænserne skal fastsættes i overensstemmelse med vejledningen om begrænsning af støj fra virksomheder.</p> <p>For virksomheden [virksomhed1] A/S kan det imidlertid "
Ekstern Støj fra virksomheder,1,Miljøbeskyttelsesloven,mfkn,"…signifikant overskridelse, som ikke bør have konsekvenser for virksomheden"".</p> <p>I Vejledning om Ekstern Støj fra virksomheder, afsnit 7.5.2, fremgår, at ""I forbindelse med forvaltningen af miljøb"
Vejledning nr. 14016 af 31. december 1985,1,Miljøbeskyttelsesloven,mfkn,"…lugtvejledning4.</p> <dl class=""small""><dd> <sup><a id=""footnote4"">&nbsp;</a>4</sup>Miljøstyrelsens vejledning nr. 14016 af 31. december 1985 om begrænsning af lugtgener fra virksomheder</dd></dl> <p"
Vurdering af flyvepladsens støjmæssige belastning af omgivelserne,1,Miljøbeskyttelsesloven,mfkn,"…5. juni 2013 oplyst overfor nævnet, at der er valgt en støjskabelon fra flyvepladsvejledningen til vurdering af flyvepladsens støjmæssige belastning af omgivelserne. Skabelonen er valgt dels ud fra s"
Miljøstyrelsens vejledning om flyvepladser,1,Miljøbeskyttelsesloven,mfkn,"…454 af 20. december 2012</dd></dl> <p>Som udgangspunkt skal sagen vurderes efter retningslinjerne i Miljøstyrelsens vejledning om flyvepladser10. Det fremgår heraf, at reguleringen af flyaktiviteter "
Støj fra motorsportsbanen,1,Miljøbeskyttelsesloven,mfkn,"…d><p>Grupper</p></td> <td><p>Køretøjstyper eller klasser, jf. Miljøstyrelsens vejl. Nr. 2, 2005 om ""Støj fra motorsportsbaner"", bilag 1</p></td> </tr> <tr valign=""top""> <td><p>Mini</p></td> <td><p>Mo"
Støj fra motorsportsbaner er taget stilling til,1,Miljøbeskyttelsesloven,mfkn,"…d><p>Grupper</p></td> <td><p>Køretøjstyper eller klasser, jf. Miljøstyrelsens vejl. Nr. 2, 2005 om ""Støj fra motorsportsbaner"", bilag 1</p></td> </tr> <tr valign=""top""> <td><p>Mini</p></td> <td><p>Mo"
Miljøstyrelsens vejledning om Støj fra motorsportsbanen,1,Miljøbeskyttelsesloven,mfkn,"…ody valign=""top""> <tr valign=""top""> <td><p>Grupper</p></td> <td><p>Køretøjstyper eller klasser, jf. Miljøstyrelsens vejl. Nr. 2, 2005 om ""Støj fra motorsportsbaner"", bilag 1</p></td> </tr> <tr valign"
"Miljøstyrelsens vejledning om støj fra motorsportsbaner er taget stilling til, hvilken stø",1,Miljøbeskyttelsesloven,mfkn,"…ody valign=""top""> <tr valign=""top""> <td><p>Grupper</p></td> <td><p>Køretøjstyper eller klasser, jf. Miljøstyrelsens vejl. Nr. 2, 2005 om ""Støj fra motorsportsbaner"", bilag 1</p></td> </tr> <tr valign"
Vejledning nr. 9702 af 23. oktober 2008,1,Miljøbeskyttelsesloven,mfkn,"…50 µg/kg TS.</p> <dl class=""small""><dd> <sup><a id=""footnote18"">&nbsp;</a>18</sup>Miljøministeriets Vejledning nr. 9702 af 23. oktober 2008 om dumpning af optaget havbundsmateriale - klapning</dd></d"
Støj fra flyvepladser og indgår således ikke i ovenstående betragtning,1,Miljøbeskyttelsesloven,mfkn,…es motorafprøvning på jorden og i lav højde (1-2 meter) regnes som terminalstøj jf. vejledningen om støj fra flyvepladser og indgår således ikke i ovenstående betragtning. Terminalstøj skal fortsat o
Håndbog om planlægning,1,Miljøbeskyttelsesloven,mfkn,"…jelser i relation til klassificering af virksomheden som en miljøklasse 6-virksomhed i forhold til ""Håndbog om planlægning"". Efter kommunens opfattelse er der tale om en rimelig udvikling af den hidt"
Beregning af støj fra virksomheder fremgår,1,Miljøbeskyttelsesloven,mfkn,"…ger for støjbelastningen i skel mod alle nabomatrikler, oplyser kommunen, at det af vejledningen om beregning af støj fra virksomheder fremgår, at støjniveauet skal beregnes i det mest støjbelastede "
Håndbog om Miljø og Planlægning - er sat til miljøklasse,1,Miljøbeskyttelsesloven,mfkn,"…. punkt 2</u></p> <p>Gribskov Kommune anfører, at klassifikationen af virksomheden - i relation til Håndbog om Miljø og Planlægning - er sat til miljøklasse 4-5. Kommunen henviser her til, at beregni"
Industrispildevand,1,Miljøbeskyttelsesloven,mfkn,"…(afsnit 5.2.2).</p> <dl class=""small""><dd> <sup><a id=""footnote6"">&nbsp;</a>6</sup>""Tilslutning af industrispildevand til offentlige spildevandsanlæg"", Vejledning fra Miljøstyrelsen nr. 2, 2006 </dd>"
"Miljøstyrelsens vejledning om industrispildevand, at virksomheden er omfattet af",1,Miljøbeskyttelsesloven,mfkn,"…enkelte deludledning vejledende, mens der fastlægges en grænseværdi for den samlede udledning, som Miljøstyrelsens vejledning for tilslutning af industrielle udledninger til offentlige spildevandssys"
Afgørelsen oplyste kommunen,1,Miljøbeskyttelsesloven,mfkn,"…gener fra en kunstgræsbane på [...]´s træningsanlæg på [adresse1] i Viborg. I klagevejledningen til afgørelsen oplyste kommunen, at afgørelsen ikke kunne indbringes for anden administrativ klageinsta"
Weekendarrangementer,1,Miljøbeskyttelsesloven,mfkn,"…angiver vejledende støjgrænser og træningstider med afhængighed af støjniveauet, samt vejledning om weekendarrangementer.</p> <p>Det fremgår af vejledningen, at miljøgodkendelser ikke skal fastsætte "
Miljøstyrelsens vejledning om motorsportsbaner indeholder retningslinjer for vurdering af,1,Miljøbeskyttelsesloven,mfkn,"…v udført for køretøjstype 26 (Bil, Saxo) og køretøjstype nr. 30 (Rallycross Sport), jf. bilag 1 til Miljøstyrelsens vejledning nr. 2/2005 om støj fra motorsportsbaner.5</p> <dl class=""small""><dd> <su"
Denne afgørelse,1,Miljøbeskyttelsesloven,mfkn,"…ojektet ikke er omfattet af reglerne omkring VVM-pligt. Der er ikke givet nogen klagevejledning for denne afgørelse. Stillingtagen til spørgsmålet om VVM-pligt sker som en screeningsafgørelse, jf. VV"
Godkendelse af saltvandsbaseret fiskeopdræt,1,Miljøbeskyttelsesloven,mfkn,"…avbrug i området8.</p> <dl class=""small""><dd> <sup><a id=""footnote8"">&nbsp;</a>8</sup>Vejledning om godkendelse af saltvandsbaseret fiskeopdræt, Miljøstyrelsen 31. marts 2006.</dd></dl> <p>Visse mind"
Etablering af havbrug,1,Miljøbeskyttelsesloven,mfkn,"…uner udnytter det tilladelsesgrundlag, der er gennemført i 2006 med Miljøministeriets vejledning om etablering af havbrug. Placeringsmulighederne for en øget havbrugsproduktion er dokumenteret i Havb"
Ændret fyringsteknik fra skorstensfejeren,1,Miljøbeskyttelsesloven,mfkn,"…ning af generne, og da de konstaterede gener fra halmfyret ikke kunne afhjælpes trods vejledning om ændret fyringsteknik fra skorstensfejeren, vurderede kommunen, at anlæggets beliggenhed var uforene"
Tilslutning af spildevand til det offentlige spildevandssystem nr,1,Miljøbeskyttelsesloven,mfkn,"…tadfæstelse af Høje-Taastrup Kommunes afgørelse af 21. december 2005 om påbud om ændrede vilkår for tilslutning af spildevand fra A/S [virksomhed1], [adresse1], 2640 Hedehusene til kommunens spildeva"
Miljøstyrelsens vejledning om tilslutning af spildevand til det offentlige spildevandssyst,1,Miljøbeskyttelsesloven,mfkn,"…døren af vaskekemikalier kunne dokumentere, at produkterne opfylder vilkår 3.8 og 3.9 i henhold til Miljøstyrelsens vejledning om tilslutning af spildevand til det offentlige spildevandssystem nr. 11"
Miljøstyrelsens vejledning om industrispildevand beskriver de overordnede principper for v,1,Miljøbeskyttelsesloven,mfkn,"…et kan ligesom klager tiltræde styrelsens forslag, der er i overensstemmelse med retningslinjerne i Miljøstyrelsens vejledning nr. 2/2006, ""Tilslutning af industrispildvand til offentlige spildevands"
Tilslutning af spildevand til offentlige spildevandsanlæg,1,Miljøbeskyttelsesloven,mfkn,"…mber 2006 om stadfæstelse af Høje-Taastrup Kommunes påbud af 19. juli 2004 om ændring af vilkår for tilslutning af spildevand fra [virksomhed1], [adresse1], Taastrup, til kommunens spildevandssystem."
"Miljøstyrelsens vejledning om tilslutning af spildevand til offentlige spildevandsanlæg, s",1,Miljøbeskyttelsesloven,mfkn,"…gt i dette tilfælde. Til kontrol af om spildevandet fra vaskehallen kan overholde grænseværdierne i Miljøstyrelsens vejledning om tilslutning af spildevand til offentlige spildevandsanlæg, skal virks"
Miljøstyrelsens vejledning om tilslutning af industrispildevand,1,Miljøbeskyttelsesloven,mfkn,…den grund berettiget til at anvende miljøbeskyttelses-lovens § 30. Kommunen henviser endvidere til Miljøstyrelsens vejledning om tilslutning af industrispildevand. Jeg skal henvise til at det af vejl
At skydebanen ikke må anvendes i juli måned,1,Miljøbeskyttelsesloven,mfkn,…ldsomme areal og landskabsmæssige konsekvenser.</p> <p>En begrænsning i forhold til vejledningen om at skydebanen ikke må anvendes i juli måned.</p> <p>En begrænsning i forhold til vejledningen om at
At skydebanen ikke må anvendes på lørdage efter kl,1,Miljøbeskyttelsesloven,mfkn,…ldsomme areal og landskabsmæssige konsekvenser.</p> <p>En begrænsning i forhold til vejledningen om at skydebanen ikke må anvendes i juli måned.</p> <p>En begrænsning i forhold til vejledningen om at
Skydebaner og herunder underlagt os kravene til nye skydebaner,1,Miljøbeskyttelsesloven,mfkn,"…de indkomne klager:</p> <p>""Vi har til fulde opfyldt betingelserne i Miljøstyrelsens vejledning til skydebaner og herunder underlagt os kravene til nye skydebaner, har underlagt os yderligere indskræ"
Miljøstyrelsens vejledning om skydebaner side,1,Miljøbeskyttelsesloven,mfkn,"…kal, inden skydebanen tages i brug, indsendes en beregning til tilsynsmyndigheden, udført i henhold Miljøstyrelsens vejledning nr. 2/1995 om beregning og måling af støj fra skydebaner, som dokumentat"
Ekstern støj,1,Miljøbeskyttelsesloven,mfkn,"…lig- og erhvervsbebyggelse, selvom området er udlagt til 60 dB(A), jf. supplement til vejledning om ekstern støj.""</p> <p>Desuden anfører kommunen følgende:</p> <p>""Virksomheden har i forbindelse med"
Håndbog om Miljø- og Planlægning,1,Miljøbeskyttelsesloven,mfkn,"…ger"" til erhvervsområde med mulighed for etablering af op til og med klasse 5 virksomheder (jævnfør Håndbog om Miljø- og Planlægning, 1991) i lokalplanens område A. Endvidere er der ved lokalplanens "
Håndbog om miljø og planlægning -,1,Miljøbeskyttelsesloven,mfkn,"…særlige beliggenhedskrav inden for virksomhedsklasse 5-7 efter kommuneplanen og Miljøministeriets ""Håndbog om miljø og planlægning - 2004"".</p> <dl class=""small""><dd> <sup><a id="""">&nbsp;</a></sup>4 "
Støj fra flyvepladser under alle omstændigheder ikke vil være ubetydeligt,1,Miljøbeskyttelsesloven,mfkn,"…pladsens støjpåvirkning af omgivelserne, jf. gældende vejledning fra miljøstyrelsen, pt. nr. 5/1994 Støj fra flyvepladser.<br/>                støjbidraget fra de øvrige aktiviteter på flyvepladsen "
Miljøstyrelsens vejledning om støj fra flyvepladser under alle omstændigheder ikke vil vær,1,Miljøbeskyttelsesloven,mfkn,…t eller en landing. Året er et kalenderår.<br/>               Særlige flyaktiviteter er defineret i Miljøstyrelsens vejled. nr. 5/1994 og omfatter i denne godkendelse ultralette fly (UL) klasse A og 
Ekstern støj nr,1,Miljøbeskyttelsesloven,mfkn,"…tat"">         Der er flere mangler i rapporten, der ikke lever op til Miljøstyrelsens vejledning om ekstern støj nr. 5/1984.       </p>        <p class=""Citat"">         Forhold der er bekræftet ved t"
Miljøstyrelsens vejledning om ekstern støj nr,1,Miljøbeskyttelsesloven,mfkn,"…</p>        <p class=""Citat"">         Der er flere mangler i rapporten, der ikke lever op til Miljøstyrelsens vejledning om ekstern støj nr. 5/1984.       </p>        <p class=""Citat"">         Forhol"
Flyvepladser og lufthavne,1,Miljøbeskyttelsesloven,mfkn,"…e for Statens Luftfartsv&aelig;sen uanset anbefalingen herom i Milj&oslash;styrelsens vejledning om flyvepladser og lufthavne, kan ikke f&oslash;re til et andet resultat.</p>  <p>I det omfang et oper"
Skydebaner anførte støjgrænser,1,Miljøbeskyttelsesloven,mfkn,"…en række enkeltstående ejendomme. Uanset om støjen holdes under de i Miljøstyrelsens vejledning om skydebaner anførte støjgrænser, er de mange skud til væsentlig gene for beboere i området. Efter ans"
"Miljøstyrelsens vejledning om skydebaner anførte støjgrænser, er de mange skud til væsentl",1,Miljøbeskyttelsesloven,mfkn,…f 5 skydeplad­ser). Der må anvendes haglgevær kaliber 12 eller mindre (svarende til våbenklasse 4 i Miljøstyrelsens vejledning 2/1995). Skydning må kun foregå fra de faste standpladser og skydepladse
Miljøstyrelsens vejledning om skydebaner har retningslinier for vurdering af støjbelastnin,1,Miljøbeskyttelsesloven,mfkn,…f 5 skydeplad­ser). Der må anvendes haglgevær kaliber 12 eller mindre (svarende til våbenklasse 4 i Miljøstyrelsens vejledning 2/1995). Skydning må kun foregå fra de faste standpladser og skydepladse
Tilstrækkelig opbevaringskapacitet på ejendomsniveau,1,Miljøbeskyttelsesloven,mfkn,…<p>         Miljøklagenævnet stadfæster Kalundborg Kommunes påbud af 29. juli 2009 om etablering af tilstrækkelig opbevaringskapacitet til mindst 59 m<sup>3</sup> flydende husdyrgødning på husdyrbrug
Støj - pt,1,Miljøbeskyttelsesloven,mfkn,…ne/beregningerne skal udføres i henhold til Miljøministeriets til enhver tid gældende vejledning om støj - pt. afsnit 7 og 9 i Miljøstyrelsens Vejledning nr. 5/1984 om ekstern støj fra virksomheder.
Motor-sportsbaner og den hidtil gældende miljøgodkendelse,1,Miljøbeskyttelsesloven,mfkn,…under Ad1 meddelt miljøgodkendel­sen blandt andet med baggrund i retningslinjerne i vejledningen om motor-sportsbaner og den hidtil gældende miljøgodkendelse. De ansøgte træ­ningstider ligger indenfo
Bestemmelse af skorstenshøjder,1,Miljøbeskyttelsesloven,mfkn,"…af slam ofte medfører gener i form af lugt. Tidligere anvendte og mere simple beregningsmetoder til bestemmelse af skorstenshøjder er angivet i lugtvejledningen<a href=""#_ftn1"" name=""_ftnref1"" title="
Hønsehold hvoraf det fremgår,1,Miljøbeskyttelsesloven,mfkn,"…s=""Citat"">         Min klient gør gældende, at der skal tages udgangspunkt i vedlagte vejledning om hønsehold hvoraf det fremgår, at det man som hønseejer normalt skal tage hensyn til overfor naboer "
Den nye husdyrbrugslov,1,Miljøbeskyttelsesloven,mfkn,"…værende ikke tilstrækkelig dokumentation herfor. Nævnet henviser til, at der i lugtvejledningen til den nye husdyrbrugslov, hvor man har opdateret tallene for staldes lugtemission, ikke er tillagt na"
Husdyrbrug,1,Miljøbeskyttelsesloven,mfkn,"…iser til den vejledende udtalelse om kommunernes administration af sager vedrørende lokalisering af husdyrbrug på baggrund af Nabogeneudvalgets redegørelse af 6. februar 2004, hvori Miljøministeriet "
Naturstyrelsens vejledning om retlig,1,Miljøbeskyttelsesloven,mfkn,"…estidspunktet i 1995<a href=""#_ftn2"" name=""_ftnref2"" title="""">[2]</a> p&aring; baggrund af Skov- og Naturstyrelsens vejledning om retlig/fysisk lovligg&oslash;relse.</p>  <p>Kommunen anf&oslash;rer e"
Miljøstyrelsens vejledning om større tankanlæg fra,1,Miljøbeskyttelsesloven,mfkn,…krav om automatisk stop for fyldning ved en defineret grænse er i øvrigt beskrevet i 3. udkast til Miljøstyrelsens vejledning om større tankanlæg fra 2002. Vejledningen er desværre aldrig udkommet i 
"Miljøstyrelsens vejledning om skydebaner, som bl",1,Miljøbeskyttelsesloven,mfkn,"…debanen ikke er sagsbehandlet korrekt i forhold til planlægningssystemet i Danmark og i forhold til Miljøstyrelsens vejledning om skydebaner, nr. 1 1995.       </p>        <p class=""Citat"">         I"
Miljøstyrelsens vejledning om tilladelse og miljøgodkendelse af husdyrbrug indeholder et e,1,Miljøbeskyttelsesloven,mfkn,"…orhold og arbejdsgange skal tilrettelægges således, at dannelsen af lugtende stoffer minimeres, jf. Miljøstyrelsens vejledning nr. 4/1997 om godkendelse af husdyrbrug, side 22. Der skal derfor på den"
Afgørelsen fejlagtigt oplyst,1,Miljøbeskyttelsesloven,mfkn,"…pplering af ejendommens miljøgodkendelse af 14. december 2004. Kommunen har i klagevejledningen til afgørelsen fejlagtigt oplyst, at afgørelsen ikke kan påklages til anden administrativ myndighed, jf"
De kommunale administrationer,1,Miljøbeskyttelsesloven,mfkn,"…e, hvor der ikke har været tid til, fra Miljøstyrelsens side, at udarbejde en arbejdsvejledning til de kommunale administrationer, som skulle sikre sagsbehandlerne den nødvendige viden til, at alle s"
Trafikministeren for så vidt angår spørgsmålet om placering,1,Miljøbeskyttelsesloven,mfkn,"…aldemar Ebsen ved brev af 3. januar 2008, idet der som ovenfor nævnt blev givet klagevejledning til Trafikministeren for så vidt angår spørgsmålet om placering, mens spørgsmålet om den tilbudte ersta"
Begrænsning af luftforurening fra virksomheder,1,Miljøbeskyttelsesloven,mfkn,"…rer baseret på biogas og fra biogasanlæg anvendes retningslinjerne i Miljø­styrelsens vejledning om begrænsning af luftforurening fra virksomheder (vejledning nr. 2/2001, Luftvejledningen).       <"
Affaldsdeponering nr,1,Miljøbeskyttelsesloven,mfkn,"…m der er under deponiet er mindre end det krav der stilles til polymermembraner jf. Vejledning om Affaldsdeponering nr. 9, 1997 og der er ingen geologisk barriere under pladsen.</p>  <p>Vi kan deru"
Miljøstyrelsens vejledning om begrænsning af lugtgener fra virksomheder,1,Miljøbeskyttelsesloven,mfkn,"…indre andet aftales med kommunen, skal luftmålinger og beregninger udføres efter retningslinierne i Miljøstyrelsens vejledninger og metodebeskrivelser (jf. bilag 3<a href=""#_ftn2"" name=""_ftnref2"" tit"
"Miljøstyrelsens vejledning om ekstern støj fra virksomheder, at virksomheder i det åbne la",1,Miljøbeskyttelsesloven,mfkn,"…bestemmes ved enten:       </p>        <p class=""Citat"">         a)   Direkte måling i henhold til Miljøstyrelsens vejledning nr. 6/1984 om måling af ekstern støj fra virksomheder. Målingerne skal fo"
Klage til Miljøstyrelsen,1,Miljøbeskyttelsesloven,mfkn,"…lse af 6. december 2006, der er meddelt efter miljøbeskyttelseslovens § 41, indeholdt vejledning om klage til Miljøstyrelsen. I henhold hertil skulle en eventuel klage skulle indgives, således at den"
Ekstern støj i byomdannelsesområder,1,Miljøbeskyttelsesloven,mfkn,"…e døgnets timer alle ugens dage. Dette er i overensstemmelse med retningslinjerne i vejledningen om ekstern støj i byomdannelsesområder<a href=""#_ftn20"" name=""_ftnref20"" title=""""></a>.        </p>   "
Ekstern støj fra virksomheder eller efter vejledning nr,1,Miljøbeskyttelsesloven,mfkn,"…den er etableret før den 1. oktober 1974, er virksomheden omfattet af ""supplement til vejledning om ekstern støj fra virksomheder"" der giver mulighed for lempelse af støjgrænseværdierne, som gælder f"
Miljøstyrelsens afgørelse,1,Miljøbeskyttelsesloven,mfkn,"…for overholdelse heraf.     </p>          <p class=""c2"">       De anfører blandt andet i klagen, at Miljøstyrelsens afgørelse må anses som ugyldig på grund af manglende partshøring, og at styrelsens "
Godkendelse af nye skydebaner,1,Miljøbeskyttelsesloven,mfkn,"…Suså Kommunes miljøgodkendelse af 6. august 2003 følger retningslinjerne i skydebanevejledningen om godkendelse af nye skydebaner.     </p>          <p class=""c2"">       I henhold til denne vejlednin"
Miljøstyrelsens Luftvejledning,1,Miljøbeskyttelsesloven,mfkn,"…<li>                         </li>       <li>I vilkår 9.16 ændres henvisningen til vejledning til Miljøstyrelsens Luftvejledning, nr. 2/2001.       </li>       <li>                         </li>     "
"Miljøstyrelsens vejledning om ekstern støj fra virksomheder, idet denne vejledning er udar",1,Miljøbeskyttelsesloven,mfkn,"…s=""c2"">         2.9	Højden, dimensioneringen og indretningen af skorstenen fastsættes som angivet i Miljøstyrelsens vejledning nr. 6/1990 om begrænsning af luftforurening fra virksomheder og godkende"
Datakrav,1,Miljøbeskyttelsesloven,mfkn,"…disse studier omhandler effekter på jordorganismer er der ikke tale om feltforsøg, som kan dække de datakrav for persistente stoffer, som nævnes i pkt. 1.     </p>     <p class=""c6"">       5. Utilstr"
Overgangsplaner,1,Miljøbeskyttelsesloven,mfkn,"…es kun midlertidigt i slammineraliseringsanlægget, men det fremgår af Miljøstyrelsens vejledning om overgangsplaner, side 17, at et midlertidigt oplag af affald kan have karakter af deponering, under"
"Miljøstyrelsens vejledning om overgangsplaner, side",1,Miljøbeskyttelsesloven,mfkn,…gelig teknologi. Dette sigter bl.a. mod at opnå god slamkvalitet. Endelig sigter retningslinierne i Miljøstyrelsens Vejledning nr. 11/2002 om tilslutning af industrispildevand til offentlige spildeva
Miljøstyrelsens vejledning om tilslutning af industrispildevand til offentlige spildevands,1,Miljøbeskyttelsesloven,mfkn,…gelig teknologi. Dette sigter bl.a. mod at opnå god slamkvalitet. Endelig sigter retningslinierne i Miljøstyrelsens Vejledning nr. 11/2002 om tilslutning af industrispildevand til offentlige spildeva
Støj fra skydebaner åbner mulighed for en længere åbningstid,1,Miljøbeskyttelsesloven,mfkn,"…dt som skydecenter. Der henvises i den forbindelse til, at Miljøstyrelsens vejledning nr. 1/1995 om støj fra skydebaner nævner Vingsted Skydebaner som en civil langdistanceskydebane, der anbefales at"
Ombudsmand og anden instans,1,Miljøbeskyttelsesloven,mfkn,"…s ikke dette skulle sortere under nævnet, anmoder jeg jf. offentlighedsloven om klagevejledning til ombudsmand og anden instans, der kan behandle spørgsmålet, da jeg mener man overtræder gældende lov"
Luftforurening,1,Miljøbeskyttelsesloven,mfkn,"…sænkedes til 0,1 ng/Nm<sup>3</sup> i overensstemmelse med Miljøstyrelsens vejledning nr. 2/2001 om luftforurening, der var trådt i kraft under Miljøstyrelsens behandling af sagen.     </p>          <"
Kravfastsættelsen,1,Miljøbeskyttelsesloven,mfkn,"…e drift. Miljøstyrelsen vil ifølge retningslinierne yde de lokale myndigheder nærmere vejledning om kravfastsættelsen.     </p>          <p class=""c3"">       Der foreligger således nu et nyt vejledni"
Brug for kravfastsættelsen,1,Miljøbeskyttelsesloven,mfkn,"…t Miljøstyrelsen som tilkendegivet i retningslinierne vil yde Vejle Amt den fornødne vejledning til brug for kravfastsættelsen.     </p>          <p class=""c3"">       <u>Afsluttende bemærkninger.</u>"
Støjmåling,1,Miljøbeskyttelsesloven,mfkn,"…8.00	45 dB(A)     </p>     <p class=""c3"">       20. Der skal inden anlægget tages i brug fremsendes støjmålinger for udlejningskarts, roadracere, skolehjemskarts og handikarts. Støjmålingerne udføres"
Vurdering af lugtgener fra husdyrbrug,1,Miljøbeskyttelsesloven,mfkn,…og i maj 2003 initiativ til at samle en arbejdsgruppe med henblik på at udarbejde en vejledning til vurdering af lugtgener fra husdyrbrug. Målet for arbejdsgruppen er at opnå konsensus om en metode t
Godkendelse af store husdyrbrug nr,1,Miljøbeskyttelsesloven,mfkn,"…class=""c2"">       Skov- og Naturstyrelsen kan udtale, at ud fra de i Miljøstyrelsens vejledning om godkendelse af store husdyrbrug nr. 4/1997 fastsatte principper for beregning af vejledende afstands"
Miljøstyrelsens vejledning om godkendelse af store husdyrbrug nr,1,Miljøbeskyttelsesloven,mfkn,"…p>     <p class=""c2"">       I klagen til styrelsen gjorde Helge Markussen blandt andet gældende, at Miljøstyrelsens Vejledning nr. 4/1997 om godkendelse af husdyrbrug var anvendt forkert af kommune o"
Miljøstyrelsens vejledning om godkendelse af husdyrbrug for en reduktion af afstandsgrænse,1,Miljøbeskyttelsesloven,mfkn,"…p>     <p class=""c2"">       I klagen til styrelsen gjorde Helge Markussen blandt andet gældende, at Miljøstyrelsens Vejledning nr. 4/1997 om godkendelse af husdyrbrug var anvendt forkert af kommune o"
Klageadgang til Miljøklagenævnet og med angivelse af,1,Miljøbeskyttelsesloven,mfkn,"…mming Kommunes afgørelse er offentliggjort i Bramming Ugeavis den 4. februar 2003 med vejledning om klageadgang til Miljøklagenævnet og med angivelse af, at en klage skal være Bramming Kommune i hænd"
Virksomhedsstøj indeholdte støjgrænser eller de støjgrænser,1,Miljøbeskyttelsesloven,mfkn,"…tøjgrænser overstiger hverken de vejledende grænser i Motorsportsvejledningen, de i Vejledningen om virksomhedsstøj indeholdte støjgrænser eller de støjgrænser, der blev fastsat for Jyllands-Ringen i"
Håndbog om Miljø og Planlægning - som de omboende har henledt,1,Miljøbeskyttelsesloven,mfkn,"…forureningsgener for omgivelserne. Det bemærkes herved, at nedknusningsanlæg til byggeaffald ifølge Håndbog om Miljø og Planlægning - som de omboende har henledt opmærksomheden på i klagen til Miljøs"
Ekstern støj fra virksomheder ikke uden videre kunne anvendes,1,Miljøbeskyttelsesloven,mfkn,"…ålingerne skal udføres efter retningslinierne i den til enhver tid gældende vejledning om måling af ekstern støj fra virksomheder, udsendt af Miljøstyrelsen, pt. vejledning nr. 6/1984 (lydniveauet sk"
Miljøstyrelsens vejledning om ekstern støj fra virksomheder ikke uden videre kunne anvende,1,Miljøbeskyttelsesloven,mfkn,"…lades med miljøgodkendelsen et støjniveau, der væsentligt overstiger grænseværdierne, som anføres i Miljøstyrelsens vejledning vedrørende støj (Vejledning nr. 5, 1984).     </p>     <p class=""c2"">   "
Skydebaner indeholdte retningslinier for godkendelse af skydecentre indebærer,1,Miljøbeskyttelsesloven,mfkn,"…<p class=""c2"">       Nævnet har herved taget i betragtning, at de i Miljøstyrelsens Vejledning om Skydebaner indeholdte retningslinier for godkendelse af skydecentre indebærer, at de godkendte skydet"
Ekstern støj fra virksomheder er nævnt,1,Miljøbeskyttelsesloven,mfkn,"…tationen skal ske i form af resultater af beregninger udført efter den nordiske beregningsmodel for ekstern støj fra virksomheder, Miljøstyrelsens vejledning nr. 5/1993.           </p>               "
Fremgangsmåde ved bedømmelse af recipienters forureningsgrad,1,Miljøbeskyttelsesloven,mfkn,"…til, at nogle af de jyske amter foretager saprobieprøver efter Landbrugsministeriets vejledning om fremgangsmåde ved bedømmelse af recipienters forureningsgrad (1970). En årsag til denne tilstand er "
Faunaundersøgelser trods det,1,Miljøbeskyttelsesloven,mfkn,"…af recipienters forureningsgrad (1970). En årsag til denne tilstand er den manglende vejledning om faunaundersøgelser trods det, at faunaindekset i Folketinget er erklæret for den fremtidige danske s"
Biologisk bedømmelse af vandløbskvaliteten efter DVFI,1,Miljøbeskyttelsesloven,mfkn,"…ålsætningsklasse</i> op- og nedstrøms dambruget i henhold til Miljøstyrelsens kommende vejledning i biologisk bedømmelse af vandløbskvalitet. Nils Wegners undersøgelse viser således ikke umiddelbart,"
Miljøstyrelsens vejledning om biologisk bedømmelse af vandløbskvaliteten efter DVFI,1,Miljøbeskyttelsesloven,mfkn,"…t af undersøgelsen den 14. april 1999 blev faunaklassen opstrøms dambruget bestemt til klasse 6. Af Miljøstyrelsens vejledning nr. 5/1998 Biologisk bedømmelse af vandløbskvalitet fremgår, at den fund"
Håndbog om drift af rensningsanlæg,1,Miljøbeskyttelsesloven,mfkn,"…f skærvefiltre fremgår af vedlagte bilag 1, som er en fotokopi af et afsnit om rislefiltre i bogen ""Håndbog om drift af rensningsanlæg"", Miljøstyrelsen og Spildevandsteknisk Forening, december 1982. "
Miljøstyrelsens vejledning om støj fra flyvepladser er blevet misbrugt til at legitimere e,1,Miljøbeskyttelsesloven,mfkn,"…<p class=""c2"">       Frederiksborg Amt har behandlet ansøgningen efter retningslinierne i Miljøstyrelsens vejledning nr. 5/1994 ""Støj fra flyvepladser"" uanset, at den tidligere vejledning nr. 2/1988 "
Motorsportsbaner er opfyldt,1,Miljøbeskyttelsesloven,mfkn,"…rfor betingelserne for lempeligere støjgrænser i overensstemmelse med Miljøstyrelsens vejledning om motorsportsbaner er opfyldt.     </p>          <p class=""c2"">       Suså Kommune ønsker tidsfristen"
Miljøstyrelsens vejledning om motorsportsbaner er opfyldt,1,Miljøbeskyttelsesloven,mfkn,"…med begrænset anvendelse, hvorfor betingelserne for lempeligere støjgrænser i overensstemmelse med Miljøstyrelsens vejledning om motorsportsbaner er opfyldt.     </p>          <p class=""c2"">       Su"
Fremgangsmåden ved bedømmelse af recipienters forureningsgrad,1,Miljøbeskyttelsesloven,mfkn,"…til den officielle vejledning fra Landbrugsministeriet: ""Landbrugsministeriet (1970). Vejledning om fremgangsmåden ved bedømmelse af recipienters forureningsgrad.""       </li>       <li>             "
Miljøstyrelsens vejledning om recipientkvalitetsplanlægning og dels med henvisning til Mil,1,Miljøbeskyttelsesloven,mfkn,"…</li>       <li>Måling af lugt skal foretages efter de retningslinier, der er angivet i Miljøstyrelsens vejledning nr. 4/1985 om begrænsning af lugtgener fra virksomheder. Ved udførelse af lugtmåling"
Ekstern støj fra virksomheder fremgår,1,Miljøbeskyttelsesloven,mfkn,"…p class=""c2"">       Alle referencepunkter ligger i områder, der efter Miljøstyrelsens vejledning om ekstern støj fra virksomheder må karakteriseres som områder med åben lav boligbebyggelse (områdetyp"
Miljøstyrelsens vejledning om ekstern støj fra virksomheder må karakteriseres som områder,1,Miljøbeskyttelsesloven,mfkn,…aksimale immissionskoncentrationsbidrag til omgivelserne og de tilsvarende vejledende B-værdier fra Miljøstyrelsens vejledning nr. 6/1990 om begrænsning af luftforurening fra virksomheder. Af tabelle
Miljøstyrelsens vejledning om støj fra flyvepladser skal selvfølgelig også gælde København,1,Miljøbeskyttelsesloven,mfkn,"…ustik udført DENL-beregninger af flystøjen i 1994 og 2005 i overensstemmelse med retningslinierne i Miljøstyrelsens vejledning nr. 5/1994 ""Støj fra flyvepladser"". Beregningerne er baseret på den fakt"
Miljøstyrelsens vejledning om godkendelse af ferskvandsdambrug fra efteråret,1,Miljøbeskyttelsesloven,mfkn,…ndelsesmyndighedens afgørelse fremgår af godkendelsesbekendtgørelsen og er nærmere beskrevet både i Miljøstyrelsens vejledning i godkendelse af listevirksomheder og især i styrelsens vejledning i god
Støj fra skydebaner - Vejledning nr,1,Miljøbeskyttelsesloven,mfkn,"…f skydebaner.     </p>      <p class=""c2"">       Miljøstyrelsen udsendte i 1995 en ny vejledning om støj fra skydebaner - Vejledning nr. 1/1995 Skydebaner - der indeholder nærmere definerede retnings"
Miljøstyrelsens vejledning om ekstern støj for områdetype,1,Miljøbeskyttelsesloven,mfkn,"…megen støj, som anlægget faktisk gør. De peger i den forbindelse blandt andet på retningslinierne i Miljøstyrelsens vejledning nr. 5/1984 om ekstern støj fra virksomheder (side 21) om, at virksomhede"
Vejledning nr. 42 af 11. januar 1988,1,Miljøbeskyttelsesloven,mfkn,"…-P henvises endvidere til Vandmiljøplanens faste mindstekrav samt kontrolreglerne i Miljøstyrelsens vejledning nr. 42 af 11. januar 1988.     </p>          <p class=""c3"">       Anlæg med indkøringspe"
Administrative forskrifter pkt,1,Miljømålsloven og vandplanlægningsloven,mfkn,"…t kritisabelt, at styrelsen, i strid med Justitsministeriets vejledning nr. 9594 af 9. juli 2021 om administrative forskrifter og god forvaltningsskik, har offentliggjort planerne i starten af skoler"
Vejledning nr. 9594 af 9. juli 2021,1,Miljømålsloven og vandplanlægningsloven,mfkn,"…lig;vnet. Klager finder det st&aelig;rkt kritisabelt, at styrelsen, i strid med Justitsministeriets vejledning nr. 9594 af 9. juli 2021 om administrative forskrifter og god forvaltningsskik, har offe"
Ændringerne i vandplanerne,1,Miljømålsloven og vandplanlægningsloven,mfkn,"…ringsfristen har været så kort, at det reelt ikke har været muligt for klagerne at forholde sig til ændringerne i vandplanforslaget. Fremlæggelsen af ændringerne i vandplanen ved den supplerende høri"
Kravene til en konsekvensvurdering bl,1,Miljøvurdering af konkrete projekter,mfkn,"…nsekvensvurdering er p&aring;kr&aelig;vet.</p><p>Det fremg&aring;r videre af habitatvejledningen om kravene til en konsekvensvurdering bl.a., at vurderingen af en plan eller et projekts konsekvenser "
Vejledning nr. 14018 af 01. november 1984,1,Miljøvurdering af konkrete projekter,mfkn,"…slash;&shy;devare&shy;klagen&aelig;vnet mv.</p><p><a href=""#_ftnref5"" name=""_ftn5"" title="""">[5]</a> Vejledning nr. 14018 af 01. november 1984 om ekstern st&oslash;j fra virksomheder.</p><p><a href=""#"
Projektkategorierne,1,Miljøvurdering af konkrete projekter,mfkn,"…""_ftnref13"" title="""">[13]</a></p><p>Yderligere fremg&aring;r det af EU-Kommissionens vejledning til projektkategorierne, at begrebet oml&aelig;gning referer til alle former for oml&aelig;gning af are"
Anmeldeskemaet,1,Miljøvurdering af konkrete projekter,mfkn,"…>  <p style=""margin-left:0cm; margin-right:0cm"">Klager har navnlig anf&oslash;rt, at</p>  <ul> 	<li>anmeldeskemaet er utilstr&aelig;kkeligt og mangelfuldt, herunder i forhold til beskrivelsen af proj"
Faunapassage,1,Miljøvurdering af konkrete projekter,mfkn,"…,5 m h&oslash;jt vildthegn/tr&aring;dhegn med t&aelig;tte masker jf. vejdirektoratets vejledning om faunapassager4, p&aring; str&aelig;kningen med beplantning jf. vilk&aring;r 36. Hegnet eller beplan"
Faunapassager er vigtigt for en velfungerende faunapassage,1,Miljøvurdering af konkrete projekter,mfkn,"…frih&oslash;jde og &aring;benhed under broen, hvilket if&oslash;lge Vejdirektoratets vejledning om faunapassager er vigtigt for en velfungerende faunapassage.&nbsp;</span></p><p style=""margin-left:0c"
Vejdirektoratets vejledning om faunapassage,1,Miljøvurdering af konkrete projekter,mfkn,"…antning skal der etableres et 2,5 m h&oslash;jt vildthegn/tr&aring;dhegn med t&aelig;tte masker jf. vejdirektoratets vejledning om faunapassager4, p&aring; str&aelig;kningen med beplantning jf. vilk&"
Konkrete projekter,1,Miljøvurdering af konkrete projekter,mfkn,"…ativer og fravalg. Desuden har kommunen henvist til Milj&oslash;styrelsens udkast til vejledning om konkrete projekter, og at det heraf fremg&aring;r om rimelig alternativer, at bygherres overvejelse"
Luftforurening fra virksomheder,1,Miljøvurdering af konkrete projekter,mfkn,"…omheder<a href=""#_ftn10"" name=""_ftnref10"" title="""">[10]</a> og Milj&oslash;styrelsens vejledning om luftforurening fra virksomheder.<a href=""#_ftn11"" name=""_ftnref11"" title="""">[11]</a> Yderligere har"
"Justitsministeriets vejledning om beregning af klagefrister, hvor det ligeledes fremg",1,Miljøvurdering af konkrete projekter,mfkn,"…et hvorn&aring;r p&aring; d&oslash;gnet offentligg&oslash;relsen er sket. N&aelig;vnet henviser til Justitsministeriets vejledning om beregning af klagefrister, hvor det ligeledes fremg&aring;r, at k"
Naturstyrelsens vejledning om planl,1,Miljøvurdering af konkrete projekter,mfkn,…skyggekast i programmet WindPRO SHADOW i henhold til de anbefalede beregningsforuds&aelig;tninger i Naturstyrelsens vejledning om planl&aelig;gning for og tilladelse til opstilling af vindm&oslash;ll
Vejledning nr. 9139 af 25. februar 2019,1,Miljøvurdering af konkrete projekter,mfkn,"…> <p style=""margin-left:0cm; margin-right:0cm""><a href=""#_ftnref11"" name=""_ftn11"" title="""">[11]</a> Vejledning nr. 9139 af 25. februar 2019 om h&aring;ndtering af bygge- og anl&aelig;gsaffald, note 4"
Tilskud til privat skovrejsning,1,Miljøvurdering af konkrete projekter,mfkn,"…ftn6"" title=""""><span style=""color:#000000"">[6]</span></a><span style=""color:#000000""> Vejledning om tilskud til privat skovrejsning, Milj&oslash;styrelsen 2020.</span></p> </div>  <div> <p style=""mar"
Støjgrænser tilsidesættes,1,Miljøvurdering af konkrete projekter,mfkn,"…jgrænser i kommunens støjregulativ, miljøbeskyttelseslovens regler og Miljøstyrelsens vejledning om støjgrænser tilsidesættes, idet støjen ved 47 årlige arrangementer forventes at overstige 70 dB. De"
"Miljøstyrelsens vejledning om støjgrænser tilsidesættes, idet støjen ved",1,Miljøvurdering af konkrete projekter,mfkn,"…t eller certificeret støjrapport, som dokumenterer, at bygningens indretning og drift kan overholde Miljøstyrelsens vejledende støjgrænser i området (områdetype 5 – jf. Miljøstyrelsens vejledning nr."
Forvaltning af forsigtighedsprincippet,1,Miljøvurdering af konkrete projekter,mfkn,"…tighedsprincip for magnetfelter omkring højspændingsanlæg. I den forbindelse følges vejledningen om forvaltning af forsigtighedsprincippet, når ansøger planlægger og etablerer højspændingsanlæg.</p> "
"Miljøstyrelsens vejledning om ekstern støj fra virksomheder, og at der på nuværende tidspu",1,Miljøvurdering af konkrete projekter,mfkn,"…også klager bor, er karakteriset som områdetype 4.</p> <p>De forskellige områdetyper er beskrevet i Miljøstyrelsens vejledning om ekstern støj fra virksomheder, <sup> <a id=""footnote-ref-14"" href=""#f"
"Miljøstyrelsens vejledning om Ekstern støj fra virksomheder, nr",1,Miljøvurdering af konkrete projekter,mfkn,"…også klager bor, er karakteriset som områdetype 4.</p> <p>De forskellige områdetyper er beskrevet i Miljøstyrelsens vejledning om ekstern støj fra virksomheder, <sup> <a id=""footnote-ref-14"" href=""#f"
Miljøstyrelsens vejledning om støj fra veje,1,Miljøvurdering af konkrete projekter,mfkn,"…<p>Det bemærkes herudover, at støjberegningerne er udført i overensstemmelse med retningslinjerne i Miljøstyrelsens vejledning om støj fra veje, <sup> <a id=""footnote-ref-10"" href=""#footnote-10""> [9]"
"Miljøstyrelsens vejledning om støj fra veje, og vurderet, at de vejledende støjgrænser kan",1,Miljøvurdering af konkrete projekter,mfkn,"…<p>Det bemærkes herudover, at støjberegningerne er udført i overensstemmelse med retningslinjerne i Miljøstyrelsens vejledning om støj fra veje, <sup> <a id=""footnote-ref-10"" href=""#footnote-10""> [9]"
Bilag IV-arter,1,Miljøvurdering af konkrete projekter,mfkn,…-tilladelsen 5</p> <p>2.3.2 VVM-redegørelsen 5</p> <p>2.3.3 Beskrivelse af projektet 6</p> <p>2.3.4 Bilag IV-arter 7</p> <p>2.3.5 Detailhandel 9</p> <p>2.3.6 Trafik 10</p> <p>2.3.7 Støj 12</p> <p>2.3
VVM-redegørelsen,1,Miljøvurdering af konkrete projekter,mfkn,…- og planforhold 5</p> <p>2.3 Den påklagede afgørelse 5</p> <p>2.3.1 VVM-tilladelsen 5</p> <p>2.3.2 VVM-redegørelsen 5</p> <p>2.3.3 Beskrivelse af projektet 6</p> <p>2.3.4 Bilag IV-arter 7</p> <p>2.3
Lov om offentlige veje,1,Miljøvurdering af konkrete projekter,mfkn,"…emførelse af projektet. Klager har hertil bemærket, at det følger af Vejdirektoratets vejledning om lov om offentlige veje <sup> <a id=""footnote-ref-3"" href=""#footnote-3""> [3] </a> </sup> , at alle n"
Klagefristen i afgørelsen,1,Miljøvurdering af konkrete projekter,mfkn,"…> <p>Miljø- og Fødevareklagenævnet bemærker, at Brønderslev Kommune har givet korrekt vejledning om klagefristen i afgørelsen, og at der ikke foreligger oplysninger om særlige omstændigheder, som kan"
Håndbog om Miljø og Planlægning kun er vejledende,1,Miljøvurdering af konkrete projekter,mfkn,"…unne vurdere skader efter piloteringsarbejde?</li> <li>Kommunen har set bort fra afstandskravene i ”Håndbog om Miljø og Planlægning.</li> <li>Klager finder det tvivlsomt, om projektet falder ind unde"
Oplag af radioaktivt affald er fulgt,1,Miljøvurdering af konkrete projekter,mfkn,"…ysninger, der indgår i ansøgningen. Kommunen har desuden bemærket, at Miljøstyrelsens vejledning om oplag af radioaktivt affald er fulgt, hvoraf det fremgår, at der er screeningspligt efter miljøvurd"
"Miljøstyrelsens vejledning om oplag af radioaktivt affald er fulgt, hvoraf det fremgår, at",1,Miljøvurdering af konkrete projekter,mfkn,"…vurderet på baggrund af de oplysninger, der indgår i ansøgningen. Kommunen har desuden bemærket, at Miljøstyrelsens vejledning om oplag af radioaktivt affald er fulgt, hvoraf det fremgår, at der er s"
Vejledning nr. 12392 af 10. oktober 2001,1,Miljøvurdering af konkrete projekter,mfkn,"…arts 2009 om VVM i planloven, pkt. 19. <a href=""#footnote-ref-13""> &uarr; </a></p> 	</li> 	<li> 	<p>Vejledning nr. 12392 af 10. oktober 2001, VVM-Vejledning om visse offentlige og private anl&aelig;g"
Grænseværdier for støj,1,Miljøvurdering af konkrete projekter,mfkn,"…årligt. Beregningerne sandsynliggør, at virksomheden vil kunne overholde Miljøstyrelsen vejledende grænseværdier for støj. Der vil i den kommende miljøgodkendelse også blive stillet vilkår om, at vir"
Miljøstyrelsens vejledning om grænseværdier for støj,1,Miljøvurdering af konkrete projekter,mfkn,"…at der i den kommende miljøgodkendelse vil blive stillet vilkår om, at virksomheden skal overholde Miljøstyrelsens vejledende grænseværdier for luft og lugt. Der vil ligeledes blive stillet vilkår om"
Håndbog om Miljø og Planlægning og advokaten finder derfor,1,Miljøvurdering af konkrete projekter,mfkn,"…muliggør placering af biogasanlæg i området. Biogasanlæg skal klassificeres i miljøklasse 7 ifølge Håndbog om Miljø og Planlægning og advokaten finder derfor, at kommunen ikke har hjemmel til at plan"
Natur- og Miljøklagenævnet med angivelse af,1,Miljøvurdering af konkrete projekter,mfkn,"<div class=""head""> <h1>     </h1> <p class=""subtitle"">               Natur- og Miljøklagenævnets afgørelse af 6. august 2015</p> <p class=""parter""><strong>Sag NMK-41-00341</strong><br><br><strong>Refe"
Håndbog om Miljø og Planlægning klasse,1,Miljøvurdering af konkrete projekter,mfkn,"…der, hvis der er udlagt eller kan udlægges sådanne områder i kommunen. Biogasanlæg er i henhold til Håndbog om Miljø og Planlægning klasse 7 virksomhed. Ved placering i et erhvervsområde er der derfo"
Lokalplanlægning - Indhold,1,Miljøvurdering af konkrete projekter,mfkn,"…ass=""small""><dd> <sup><a id=""footnote5"">&nbsp;</a>5</sup>Se i overensstemmelse hermed Vejledning om lokalplanlægning - Indhold, tilvejebringelse og retsvirkning,  Miljøministeriet, By- og Landskabsst"
Miljøklasser skal placeres,1,Miljøvurdering af konkrete projekter,mfkn,"…-Snede til industri, hvor virksomheder med den pågældende miljøklasse i henhold til vejledningen om miljøklasser skal placeres. Det er klagers opfattelse, at en opgradering med hensyn til miljøklasse"
Vejledning nr. 10702 af 19. november 2008,1,Miljøvurdering af konkrete projekter,mfkn,"…år som vilkår i miljøgodkendelse</p> <dl class=""small""><dd> <sup><a id=""footnote4"">&nbsp;</a>4</sup>Vejledning nr. 10702 af 19. november 2008 - Supplement til B-værdivejledningen 2008</dd></dl> <p>Ko"
Planlægning for og zonetilladelse til opstilling af vindmøller,1,Miljøvurdering af konkrete projekter,mfkn,"…</tr> </tbody></table> <dl class=""small""><dd> <sup><a id=""footnote9"">&nbsp;</a>9</sup>Vejledning om planlægning for og zonetilladelse til opstilling af vindmøller.</dd></dl> <p>Derudover fremgår følg"
Vindmøllecirkulæret er det anbefalet,1,Miljøvurdering af konkrete projekter,mfkn,"…""right"" style=""width: 12px;"">∙</td> <td>Planlægning for større vindmøller er omfattet af reglerne i vindmøllecirkulæret (cirkulære nr. 9295 af 22. maj 20099), der fastlægger en række forhold, som ska"
Vejstøj anviser hvordan boliger og friarealer i sådanne områder skal indrettes,1,Miljøvurdering af konkrete projekter,mfkn,"…n lokalplan, der udlægger nye anvendelser i et eksisterende byområde. Miljøstyrelsens vejledning om vejstøj anviser hvordan boliger og friarealer i sådanne områder skal indrettes, så vejledende støjg"
Miljøstyrelsens vejledning om vejstøj anviser hvordan boliger og friarealer i sådanne områ,1,Miljøvurdering af konkrete projekter,mfkn,"…med lokalplan 373 er tale om en lokalplan, der udlægger nye anvendelser i et eksisterende byområde. Miljøstyrelsens vejledning om vejstøj anviser hvordan boliger og friarealer i sådanne områder skal "
Grænseværdier for ekstern støj fra virksomheder,1,Miljøvurdering af planer og programmer,mfkn,"…har desuden oplyst, at der i VVM-redegørelsen er taget udgangspunkt i Miljøstyrelsens vejledning om grænseværdier for ekstern støj fra virksomheder, <sup> <a id=""footnote-ref-3"" href=""#footnote-3""> ["
Miljøstyrelsens vejledning om grænseværdier for ekstern støj fra virksomheder,1,Miljøvurdering af planer og programmer,mfkn,"…inddraget. Københavns Kommune har desuden oplyst, at der i VVM-redegørelsen er taget udgangspunkt i Miljøstyrelsens vejledning om grænseværdier for ekstern støj fra virksomheder, <sup> <a id=""footnot"
Vejledning nr. 9214 af 16. maj 2012,1,Miljøvurdering af planer og programmer,mfkn,"…2015 om støj fra vindmøller. <a href=""#footnote-ref-29""> ↑ </a></p> </li> <li id=""footnote-30""> <p>Vejledning nr. 9214 af 16. maj 2012 om vindmøller, afsnit 2. <a href=""#footnote-ref-30""> ↑ </a></p> "
Vejledning nr. 9339 af 3. december 2009,1,Miljøvurdering af planer og programmer,mfkn,"…og Fuglebeskyttelsesområde 37. <a href=""#footnote-ref-7""> ↑ </a></p> </li> <li id=""footnote-8""> <p>Vejledning nr. 9339 af 3. december 2009 om VVM i planloven. <a href=""#footnote-ref-8""> ↑ </a></p> </"
Kulturministeriets vejledning om beskyttede sten- og jorddiger fra,1,Museumsloven,mfkn,"…ede erstatningsdiges kulturhistoriske v&aelig;rdi er lavere.</p><p>Derudover har klager henvist til Kulturministeriets vejledning om beskyttede sten- og jorddiger fra 2009, hvoraf det fremg&aring;r, "
"Naturstyrelsens vejledning om beskyttede sten- og jorddiger, hvoraf det fremg",1,Museumsloven,mfkn,"…arkstykke.</p>  <p style=""margin-left:0cm; margin-right:0cm"">Videre har klager henvist til Skov- og Naturstyrelsens vejledning om beskyttede sten- og jorddiger, hvoraf det fremg&aring;r, at der som h"
Beskyttede sten- og jorddiger er almindeligt,1,Museumsloven,mfkn,"…;gge et beskyttet dige. Kommunen har yderligere anf&oslash;rt, at det if&oslash;lge vejledningen om beskyttede sten- og jorddiger er almindeligt, at diger er sammensunkne med tiden, hvorfor h&oslash;"
Beskyttede sten- og jorddiger kap,1,Museumsloven,mfkn,"…r kun i s&aelig;rlige tilf&aelig;lde kan dispenseres. Kommunen har med henvisning til vejledning om beskyttede sten- og jorddiger kap. 7<a href=""#_ftn6"" name=""_ftnref6"" title="""">[6]</a> henvist til, "
Personer,1,Museumsloven,mfkn,"…ens &sect; 7, stk. 1, at en forvaltningsmyndighed i forn&oslash;dent omfang skal yde vejledning til personer, der retter henvendelse om sp&oslash;rgsm&aring;l inden for myndighedens sagsomr&aring;de."
Erstatningsdiger og et tilknyttet notat,1,Museumsloven,mfkn,"…lle sag,</li> <li>kommunen burde have taget udgangspunkt i Slots- og Kulturstyrelsens vejledning om erstatningsdiger og et tilknyttet notat, og</li> <li>erstatningsdiget vil have en højere kulturhist"
Erstatningsdiger,1,Museumsloven,mfkn,"…lle sag,</li> <li>kommunen burde have taget udgangspunkt i Slots- og Kulturstyrelsens vejledning om erstatningsdiger og et tilknyttet notat, og</li> <li>erstatningsdiget vil have en højere kulturhist"
Praksis for erstatningsdiger,1,Museumsloven,mfkn,"…relsens vejledning om erstatningsdiger, samt Slots- og Kulturstyrelsens notat af 2. februar 2018 om praksis for erstatningsdiger. Klager har anført, at det af notatet fremgår, at der ikke i klagenævn"
Diger også,1,Museumsloven,mfkn,"…e imidlertid havde været rørlagt. Kommunen vurderede med henvisning til Kulstyrelsens vejledning om diger også, at diget ikke havde været levested for arter beskyttet af habitatdirektivets bilag IV, "
Sted- og jorddiger henvist til,1,Museumsloven,mfkn,"…en tilstrækkelig erstatning for det fjernede dige. Klager har under henvisning til vejledningen om sted- og jorddiger henvist til, at erstatningsdiger efter fast praksis kun placeres, hvor et dige ek"
Tilsyn med fortidsminder fremgår,1,Museumsloven,mfkn,"…alet pligt til at føre tilsyn med overholdelsen af museumslovens regler. I styrelsens vejledning om tilsyn med fortidsminder fremgår, at loven ikke indeholder bestemmelser om, hvor ofte, der bør føre"
Beskyttede sten- og jorddiger fremgår,1,Museumsloven,mfkn,"…/p> <p>         Kulturstyrelsen har i klagen navnlig henvist til, at det i styrelsens vejledning om beskyttede sten- og jorddiger fremgår, at bredden af et gennembrud i rimeligt omfang bør indrettes "
Pleje af fortidsminder,1,Museumsloven,mfkn,"…de var et areal på nabomatriklen (matr.nr. [...2]). Klager læste endvidere styrelsens vejledning om pleje af fortidsminder, og det var under disse forudsætninger, at skovrydningen fandt sted. Klager "
Beskyttede sten- og jorddiger fremgår det,1,Museumsloven,mfkn,"…uden digegennembrud skal køres på landevej eller det giver en væsentlig omvej, jf. vejledningen om beskyttede sten- og jorddiger.</p> <p><u>Kommunen bemærker til klagen</u> bl.a., at kommunen tidlige"
Kulturarvsstyrelsens vejledning,1,Museumsloven,mfkn,"…l mellem den nye kostald og plansiloen samt at etablere en ny gennemkørsel nord for plansiloen, jf. Kulturarvsstyrelsens vejledning fra juni 2009 om mulighederne for at etablere digegennembrud.</p> <"
Sten- og jorddiger,1,Museumsloven,mfkn,"…ndre biologisk betydning.</p> <p>Endvidere henviser kommunen til Kulturarvsstyrelsens vejledning om sten- og jorddiger, hvoraf det fremgår, at der i særlige situationer kan gives dispensation til gen"
Naturstyrelsens vejledning om brotilladelser i Fures,1,NBL - beskyttede naturtyper,mfkn,"…lash;gningen er begrundet i private, rekreative interesser, har klager oplyst, at det i henhold til Naturstyrelsens vejledning om brotilladelser i Fures&oslash;en alene er bredejere, der kan ans&osla"
Registrering af beskyttet natur,1,NBL - beskyttede naturtyper,mfkn,"…lash;devareklagen&aelig;vnet stadf&aelig;ster Billund Kommunes afg&oslash;relse af 22. juni 2023 om registrering af beskyttet eng p&aring; dele af matr. nr. [Matrikelnummer 1] i Billund Kommune, med "
Jordressourcens anvendelse er at sikre,1,NBL - beskyttede naturtyper,mfkn,"…/p><p>Billund Kommune har i forhold til klagers tabte genopdyrkningsret henvist til vejledningen om jordressourcens anvendelse til dyrkning og natur fra 2023.<a href=""#_ftn7"" name=""_ftnref7"" title="""""
Jordressourcens anvendelse er i overensstemmelse med vejledningens formulering,1,NBL - beskyttede naturtyper,mfkn,"…/p><p>Billund Kommune har i forhold til klagers tabte genopdyrkningsret henvist til vejledningen om jordressourcens anvendelse til dyrkning og natur fra 2023.<a href=""#_ftn7"" name=""_ftnref7"" title="""""
Registrering af beskyttet natur fra Skov- og Naturstyrelsen,1,NBL - beskyttede naturtyper,mfkn,"…lash;devareklagen&aelig;vnet stadf&aelig;ster Billund Kommunes afg&oslash;relse af 22. juni 2023 om registrering af beskyttet eng p&aring; dele af matr. nr. [Matrikelnummer 1] i Billund Kommune, med "
Vejledning nr. 9183 af 11. marts 2024,1,NBL - beskyttede naturtyper,mfkn,"…nd.</p></div><div id=""ftn29""><p><a href=""#_ftnref29"" name=""_ftn29"" title="""">[29]</a> Jf. ogs&aring; vejledning nr. 9183 af 11. marts 2024 til bekendtg&oslash;relse om krav til udledning af visse foru"
En eventuel godkendelsesprocedure,1,NBL - beskyttede naturtyper,mfkn,"…or milj&oslash;tilstanden i s&oslash;en, ligesom styrelsen ikke er i stand til at yde vejledning om en eventuel godkendelsesprocedure.</p>  <p style=""margin-left:0cm; margin-right:0cm"">Gribskov Kommu"
Registreret natur,1,NBL - beskyttede naturtyper,mfkn,"…;""><span style=""color:#000000;""><span style=""background-color:white;"">If&oslash;lge vejledningen om registreret natur, skabes ferske enge ved menneskelig p&aring;virkning. Enge kan s&aring;ledes v&ae"
Enkeltbetalingsordningen arealer,1,NBL - beskyttede naturtyper,mfkn,"…#000000;"">Klager har desuden indsendt dokumentation for, at klager har modtaget st&oslash;tte efter enkeltbetalingsordningen henholdsvis grundbetalingsordningen i perioden 2009-2019. Arealet var i pe"
Enkeltbetalingsordningen,1,NBL - beskyttede naturtyper,mfkn,"…#000000;"">Klager har desuden indsendt dokumentation for, at klager har modtaget st&oslash;tte efter enkeltbetalingsordningen henholdsvis grundbetalingsordningen i perioden 2009-2019. Arealet var i pe"
Reglerne om jordressourcens anvendelse til dyrkning og natur,1,NBL - beskyttede naturtyper,mfkn,"…ct; 10 i bekendtg&oslash;relse om jordressourcens anvendelse til dyrkning og natur og Vejledning om reglerne om jordressourcens anvendelse til dyrkning og natur.<a href=""#_ftn16"" name=""_ftnref16"" sty"
Vejledning nr. 40 af 19. december 2019,1,NBL - beskyttede naturtyper,mfkn,"…<a href=""#_ftnref13"" name=""_ftn13"" style=""color:blue; text-decoration:underline;"" title="""">[13]</a> Vejledning nr. 40 af 19. december 2019 om naturbeskyttelseslovens &sect; 3-beskyttede naturtyper, a"
Naturstyrelsens vejledning om registrering af beskyttede naturtyper,1,NBL - beskyttede naturtyper,mfkn,"…ef=""#_ftnref9"" name=""_ftn9"" style=""color:blue; text-decoration:underline"" title="""">[9]</a> Skov- og Naturstyrelsens vejledning om registrering af beskyttede naturtyper; <a href=""https://mst.dk/media/"
Naturstyrelsens vejledning om forvaltning af naturarealer,1,NBL - beskyttede naturtyper,mfkn,"…dybet </em></p> <p>Klager ønsker standsningspåbuddet ophævet. Til støtte herfor henviser klager til Naturstyrelsens vejledning om forvaltning af naturarealer <sup> <a id=""footnote-ref-4"" href=""#footn"
Vejledning nr. 130 af 31. juli 1995,1,NBL - beskyttede naturtyper,mfkn,"…r, carporte, udhuse og tilbygninger i &oslash;vrigt.&quot;</p>  <p>I <em> Bygge- og Boligstyrelsens Vejledning nr. 130 af 31. juli 1995</em> om kommunalbestyrelsens lovgennemgang i byggesager (g&aeli"
Vandingssteder,1,NBL - beskyttede naturtyper,mfkn,"…ash;jere end tidligere.</p>  <p>Klager bestrider, at der skulle v&aelig;re etableret en r&aelig;kke vandingssteder bl.a. langs Ladegaards &Aring;. Der er i stedet tale om brinkudskridninger som f&osl"
Registrering af de beskyttede naturtyper,1,NBL - beskyttede naturtyper,mfkn,…p>  <p>Skov- og Naturstyrelsen udarbejdede p&aring; baggrund af lovens forarbejder en vejledning om registrering af de beskyttede naturtyper. Amterne gennemf&oslash;rte en registrering p&aring; baggr
De typer af foranstaltninger,1,NBL - beskyttede naturtyper,mfkn,"…ommissionens side. Heller ikke den danske ressortmyndighed har udsendt nogen form for vejledning om de typer af foranstaltninger, der skal tr&aelig;ffes i forbindelse med lokalplanl&aelig;gning.&quot"
Sletning af interne skel,1,NBL - beskyttelseslinier,mfkn,"…etragtninger om, at landinspekt&oslash;ren i 1999 blot har fulgt matrikelmyndighedens vejledning om sletning af interne skel. &nbsp; &nbsp; &nbsp;&nbsp;</p><p>Endvidere er det klagers opfattelse, at "
Strandbeskyttelse,1,NBL - beskyttelseslinier,mfkn,"…23. august 2023 om afslag p&aring; dispensation til indretning af bolig i driftsbygninger inden for strandbeskyttelseslinjen p&aring; matr. nr. [m1], beliggende [a1], 3730 Nex&oslash;.</p>  <p style="
Strandbeskyttelse og Klitfredning,1,NBL - beskyttelseslinier,mfkn,"…vis henvist til en korrespondance med Kystdirektoratet. Videre har klager henvist til Vejledning om Strandbeskyttelse og Klitfredning<a href=""#_ftn7"" name=""_ftnref7"" style=""color:blue; text-decoratio"
Vejdirektoratets vejledning om faunapassager,1,NBL - beskyttelseslinier,mfkn,"…n&oslash;dne beplantning, skal etableres et 2,5 m h&oslash;jt vildthegn med t&aelig;tte masker, jf. Vejdirektoratets vejledning om faunapassager.</p>  <p style=""margin-left:0cm; margin-right:0cm"">Den"
Naturstyrelsen vejledning,1,NBL - beskyttelseslinier,mfkn,"…eft:0cm; margin-right:0cm"">Klager har endvidere henvist til, at det bl.a. fremg&aring;r af Skov- og Naturstyrelsen vejledning om 300 m strandbeskyttelses- og klitfredningszone,<a href=""#_ftn5"" name="""
Kommunerne om forvaltning af fortidsmindebeskyttelseslinjen,1,NBL - beskyttelseslinier,mfkn,"…jerg Kommunes afg&oslash;relse ikke er i overensstemmelse med Milj&oslash;styrelsens vejledning til kommunerne om forvaltning af fortidsmindebeskyttelseslinjen, hvoraf fremg&aring;r, at fortidsmindeb"
Kommunerne,1,NBL - beskyttelseslinier,mfkn,"…h;vrigt lagt v&aelig;gt p&aring;, at det fremg&aring;r af Slots- og Kulturstyrelsens vejledning til kommunerne, at ubebyggede arealer inden for fortidsmindebeskyttelseslinjen skal bevares ubebyggede,"
Kommunerne om,1,NBL - beskyttelseslinier,mfkn,"…nf&oslash;rt, at vurderingen af sagen er foretaget ud fra Slots- og Kulturstyrelsens vejledning til kommunerne om, at der kun i s&aelig;rlige tilf&aelig;lde kan meddeles dispensation fra naturbeskytt"
Kommunerne om fortidsmindebeskyttelseslinjen,1,NBL - beskyttelseslinier,mfkn,"…eplantning blev fjernet. Kommunen har tillige henvist til Slots- og Kulturstyrelsens vejledning til kommunerne om fortidsmindebeskyttelseslinjen, hvoraf det fremg&aring;r, at ubebyggede arealer s&ari"
Adgangsreglerne pkt,1,NBL - beskyttelseslinier,mfkn,"…il adgangsbekendtg&oslash;relsens&nbsp;&sect; 1 og &sect; 25 samt til Naturstyrelsens vejledning om adgangsreglerne pkt. 6.1.12. Klager har p&aring; baggrund heraf anf&oslash;rt, at ejeren af en priv"
Naturstyrelsens vejledning om adgangsreglerne pkt,1,NBL - beskyttelseslinier,mfkn,…ld de opsatte skilte henvist til adgangsbekendtg&oslash;relsens&nbsp;&sect; 1 og &sect; 25 samt til Naturstyrelsens vejledning om adgangsreglerne pkt. 6.1.12. Klager har p&aring; baggrund heraf anf&o
Strandbeskyttelses- og klitfredningszonen pkt,1,NBL - beskyttelseslinier,mfkn,"…naturbeskyttelseslovens &sect; 15 a, stk. 1, nr. 6. Klager har herunder henvist til vejledningen om strandbeskyttelses- og klitfredningszonen pkt. 4.2.2, hvorefter det ikke kr&aelig;ver dispensation "
Administration af strandbeskyttelseslinjen,1,NBL - beskyttelseslinier,mfkn,"…r. Også på pladsens 10 hytter har der været ledig kapacitet.</p> <p>Det fremgår af vejledningen til administration af strandbeskyttelseslinjen, at virksomheder, der eksisterede da den udvidede strand"
Håndhævelse af bl,1,NBL - beskyttelseslinier,mfkn,"…g, der ikke nødvendiggjorde en besigtigelse sammen med ejer. Ifølge Miljøministeriets vejledning om håndhævelse af bl.a. naturbeskyttelsesloven er der ikke noget galt i at foretage en uvarslet udendø"
Brug af arealinfo,1,NBL - beskyttelseslinier,mfkn,"…at fastslå husets beliggenhed, og hvor meget det er flyttet. Ejeren har henvist til Vejledningen om brug af arealinfo, hvoraf det fremgår, at de viste registreringer er vejledende og ikke kan bruges "
Beregning af søbeskyttelseslinjen angiver,1,NBL - beskyttelseslinier,mfkn,"…for søbeskyttelseslinjen. Præstesøen er lavvandet og har et variabelt vandspejl. En vejledning til beregning af søbeskyttelseslinjen angiver, at 150 m skal regnes fra ""søbredden ved normal vandstand,"
Bekæmpelse af invasive plantearter nogen entydig angivelse af,1,NBL - beskyttelseslinier,mfkn,"…flere gange om året for at hindre frøspredning, og der er ikke i Naturstyrelsens egen vejledning om bekæmpelse af invasive plantearter nogen entydig angivelse af, hvordan vildroserne bekæmpes, men sl"
Reglerne herfor,1,NBL - beskyttelseslinier,mfkn,"…lev opført, havde klager henvendt sig til Odsherred Kommune med henblik på en nærmere vejledning om reglerne herfor. Klager var ikke blevet oplyst om, at en terrasse på ejendommen kunne kræve dispens"
Strandbeskyttelses- og klitfredningszonen,1,NBL - beskyttelseslinier,mfkn,"…tale om naturgenopretning eller naturprojekter har Naturstyrelsen Ribe henvist til vejledningen om strandbeskyttelses- og klitfredningszonen, hvoraf bl.a. fremgår, at naturgenopretning altid indebære"
Klage og fristen herfor,1,NBL - fredningsområdet,mfkn,"…anledning af fredningen ikke er p&aring;klaget, men at afg&oslash;relserne indeholdt vejledning om klage og fristen herfor.</em></span></p>  <p style=""margin-left:0cm; margin-right:0cm"">&nbsp;</p>  <"
Kystdirektorats vejledning,1,NBL - øvrige,mfkn,"…en ny bro med &aelig;ndret opbygning og omfang. I forl&aelig;ngelse heraf har kommunen henvist til Kystdirektorats vejledning, som ogs&aring; klager har n&aelig;vnt. Kommunen har fremh&aelig;vet, at "
Anmelder,1,NBL - øvrige,mfkn,"…><p>Klager har i &oslash;vrigt bem&aelig;rket, at Svendborg Kommune har meddelt klagevejledning til anmelder, som er en privatperson, uden at oplyse om indskr&aelig;nkningerne i klageadgangen som f&o"
Skovens to ejere,1,NBL - øvrige,mfkn,"…g;rket, at kommunen har sendt tilsynsafg&oslash;relsen med dertilh&oslash;rende klagevejledning til skovens to ejere, samt klageberettigede, og dermed ikke har givet klageadgang til anmelderen, som e"
Sine klagemuligheder,1,NBL - øvrige,mfkn,"…;- og F&oslash;devareklagen&aelig;vnet med henblik p&aring; at f&aring; n&aelig;rmere vejledning om sine klagemuligheder.</p>  <p style=""margin-left:0cm; margin-right:0cm"">&nbsp;</p>  <p style=""margi"
Lov om kystbeskyttelse udarbejdet af Kystdirektoratet,1,NBL - øvrige,mfkn,"…lig;vnet <a href=""#947180946815160-footnote-ref-1""> &uarr; </a></p> 	</li> 	<li> 	<p>Vejledning til lov om kystbeskyttelse udarbejdet af Kystdirektoratet, Transportministeriet, 2009. <a href=""#947180"
Naturstyrelsens vejledning om adgangsreglerne fremg,1,NBL - øvrige,mfkn,"…og at kommunen er uenig i, at der ikke er tale om en gennemg&aring;ende sti. Kommunen henviser til Naturstyrelsens vejledning om adgangsreglerne hvoraf det fremg&aring;r, at gennemg&aring;ende stier "
Naturstyrelsens vejledning om adgangsregler i naturen fremg,1,NBL - øvrige,mfkn,"…og at kommunen er uenig i, at der ikke er tale om en gennemg&aring;ende sti. Kommunen henviser til Naturstyrelsens vejledning om adgangsreglerne hvoraf det fremg&aring;r, at gennemg&aring;ende stier "
Registrering af hede,1,NBL - øvrige,mfkn,"…bølget bunke, halvgræsserne lyng-star og alm. star, samt mos. Kommunen henviser til vejledningen om registrering af hede, hvor det fremgår ”Græsheder er hede domineret af græsser, halvgræsser, laver "
Sørestaurering forekommer det vanskeligt at sætte et præcist tal på,1,NBL - øvrige,mfkn,"…følge udtalelserne fra DTU Aqua og Århus Universitet og det anførte i Naturstyrelsens vejledning om sørestaurering forekommer det vanskeligt at sætte et præcist tal på, hvor stor en procentdel fredfi"
Naturstyrelsens vejledning om sørestaurering forekommer det vanskeligt at sætte et præcist,1,NBL - øvrige,mfkn,"…ominans af rovfisk i Sjælsø, og søen opfylder derfor ikke kriterierne for biomanipulation angivet i Naturstyrelsens vejledning.</p> <p>Biomassen af store brasen er nedjusteret fra 14,45 tons til 4,94"
Skiltets nærmere udformning,1,NBL - øvrige,mfkn,"…l tilladt. Hunde føres i snor - vis hensyn"". Kommunen har henvist til skiltevejledningen vedrørende skiltets nærmere udformning.</p> <a id=""q3"">&nbsp;</a><h2>Middelfart Kommunes bemærkninger til klag"
Håndbog om Miljø og Planlægning anvendes ved etablering af ny,1,Øvrige lovområder,mfkn,"…a genbrugspladsen til hans grund, og at genbrugspladsens placering er i strid med Miljøministeriets Håndbog om Miljø og Planlægning – bolig og erhverv i byerne, da den bør klassificeres som tilhørend"
Taksationskommissionen,1,Øvrige lovområder,mfkn,"…remg&aring;r det, at sp&oslash;rgsm&aring;l om &oslash;konomiske forhold kan forlanges indbragt for taksationskommissionen.</p>  <p><em>Det godkendte projekt </em></p>  <p>Form&aring;let med vandstan"
Taksationsmyndigheden,1,Øvrige lovområder,mfkn,"…er, opstemningsanl&aelig;g, flodem&aring;l m.m, jf. vandl&oslash;bslovens &sect; 51.</p>  <p>Det er taksationsmyndighederne, der efter reglerne i &sect;&sect; 105 og 106 i lov om offentlige veje <a h"
Mulighederne for at få,1,Øvrige lovområder,mfkn,"…agenævnet, men som en anmodning til styrelsen om at få besvaret nogle spørgsmål og få vejledning om mulighederne for at få (en tidsbegrænset) tilladelse til udlejning.</p> <p>         Natur- og Miljø"
Planstyrelsens vejledning,1,Øvrige lovområder,mfkn,…på en ejendom.</p> <p>Om praksis angående interessentskaber har Naturstyrelsen også her henvist til Planstyrelsens vejledning fra 1986 om ferieboliger. Styrelsen har supplerende henvist til Juristen 
Lovreglerne har givet en upræcis anbefaling til administrationspraksis,1,Øvrige lovområder,mfkn,"…meddele regler med tilbagevirkende kraft. Her er der imidlertid tale om, at man i en vejledning til lovreglerne har givet en upræcis anbefaling til administrationspraksis, som så er søgt udbedret ved"
Anvendelse af blanke og reflekterende tagmaterialer,1,Øvrige lovområder,mfkn,"…m"">&nbsp;</p>  <p style=""margin-left:0cm; margin-right:0cm"">Af den fremsendte &rdquo;Vejledning for anvendelse af blanke og reflekterende materialer p&aring; tage&rdquo; fra 2009 fremg&aring;r, at s&"
Vejledning nr. 9607 af 1. oktober 2005,1,Øvrige lovområder,mfkn,"…/div>       <div id=""ftn6"">         <p>           <a href=""#_ftnref6"" name=""_ftn6"" title="""">[6]</a> Vejledning nr. 9607 af 1. oktober 2005 fra Miljøstyrelsen  Dumpning af optaget havbundsmateriale "
Ordningen bl,1,Projektstøtte,mfkn,"…n, og de elementer, der er omhandlet i punkt 1 i del 2.</p><p>Det fremg&aring;r af vejledningen til ordningen bl.a., at skiltet skal indeholde information om projektet i form af en kortfattet angivel"
Vejledning nr. 9385 af 29. marts 2023,1,Projektstøtte,mfkn,"…v&aelig;g og gartneri, oktober 2019. &nbsp;</p><p><a href=""#_ftnref7"" name=""_ftn7"" title="""">[7]</a> Vejledning nr. 9385 af 29. marts 2023 om &Oslash;kologisk investeringsst&oslash;tte 2021. &nbsp;</p"
Vejledning nr. 9356 af 29. marts 2023,1,Projektstøtte,mfkn,"…gisk investeringsst&oslash;tte 2021. &nbsp;</p><p><a href=""#_ftnref8"" name=""_ftn8"" title="""">[8]</a> Vejledning nr. 9356 af 29. marts 2023 om Milj&oslash;- og klimateknologi 2022. &nbsp;</p><p><a href"
Tidsfrister,1,Projektstøtte,mfkn,"…rligt har oplyst, at der ved den videre sagsbehandling, vil blive taget h&oslash;jde for eventuelle tidsfrister som er overskredet. Klager har derudover udf&oslash;rligt redegjort for sagens faktiske"
Betingelserne for at overdrage et tilsagn,1,Projektstøtte,mfkn,"…ill&aelig;g hertil er det klagers opfattelse, at der ikke er en fyldestg&oslash;rende vejledning om betingelserne for at overdrage et tilsagn. Videre har klager oplyst, at det ikke fremg&aring;r af v"
Betingelser for overdragelse af tilsagn er mangelfuld,1,Projektstøtte,mfkn,"…at overdrage tilsagnet. Endvidere har klager bem&aelig;rket, at styrelsens generelle vejledning om betingelser for overdragelse af tilsagn er mangelfuld. Klager har herudover anf&oslash;rt, at alle &"
Udbetaling af projekttilskud under LPD,1,Projektstøtte,mfkn,"…ig;vnet.</p></div><div id=""ftn3""><p><a href=""#_ftnref3"" name=""_ftn3"" title="""">[3]</a> Vejledning om udbetaling af projekttilskud under LPD, juli 2017.</p></div>…"
Tilsagnshavere,1,Projektstøtte,mfkn,"…relsen henvist til &sect; 11, stk. 9, i bekendtg&oslash;relsen nr. 1039 af 29. juni 2020. hvorefter tilsagnshavere er forpligtet til at sikre, at de i projektet realiserede investeringer er nye. Styr"
Udbetaling af projekttilskud,1,Projektstøtte,mfkn,"…lj&oslash;- og F&oslash;devareklagen&aelig;vnet har i afg&oslash;relsen henvist til vejledningen om udbetaling af projekttilskud, hvor der er anf&oslash;rt, hvad betalingsdokumentationen skal indehol"
Udbetaling af tilskud under ordningen Tilskud til fiskerihavne og landingssteder,1,Projektstøtte,mfkn,…ter NaturErhvervstyrelsens (nu Fiskeristyrelsen) afg&oslash;relse af 30. juni 2016 om reduceret slutudbetaling af tilskud efter ordningen tilskud til projekter i fiskerihavne og p&aring; landingssted
Statusrapporterne,1,Projektstøtte,mfkn,"…orter er uden betydning. Hertil har styrelsen henvist til, at det fremg&aring;r af vejledningen til statusrapporterne, at der skal ans&oslash;ges separat om projekt&aelig;ndringer, og at &aelig;ndrin"
Udbetaling af tilskud under GUDP,1,Projektstøtte,mfkn,"…r</p>  <p style=""margin-left:0cm; margin-right:0cm"">klager selv, der i forbindelse med anmodning om udbetaling af tilskud til</p>  <p style=""margin-left:0cm; margin-right:0cm"">projektet, har indsendt"
Ikke at flytte vandkarret retur til projektarealet ved afsyningen,1,Projektstøtte,mfkn,"…af 31. oktober 2017, er blevet gjort opm&aelig;rksom p&aring;, at klager har modtaget vejledning om ikke at flytte vandkarret retur til projektarealet ved afsyningen. N&aelig;vnet har yderligere vurd"
Ikke at flytte vandkarret,1,Projektstøtte,mfkn,"…af 31. oktober 2017, er blevet gjort opm&aelig;rksom p&aring;, at klager har modtaget vejledning om ikke at flytte vandkarret retur til projektarealet ved afsyningen. N&aelig;vnet har yderligere vurd"
Udbetaling af tilskud under EFF,1,Projektstøtte,mfkn,"…""margin-left:0cm; margin-right:0cm""><a href=""#_ftnref4"" name=""_ftn4"" title="""">[4]</a> Vejledning om udbetaling af tilskud under EFF (udvikling af fiskeri- og akvakultursektoren), herunder bilagskontr"
Indsendelse af slutrapporten,1,Projektstøtte,mfkn,"…<p>Klager har navnlig anført, at</p> <ul> <li>Landbrugsstyrelsen bør ændre afgørelsen trods for sen indsendelse af slutrapporten,</li> <li>Landbrugsstyrelsens vejledning har været utilstrækkelig, og<"
Netværksordningen fremgår,1,Projektstøtte,mfkn,"…es betalinger i form af fakturaer og dokumenter, der beviser betalingen.</p> <p>Af vejledningen til netværksordningen fremgår, at det i forbindelse med afholdelse af projektets udgifter er vigtigt at"
Tilskud til modernisering af stalde til malkekvæg og slagtekvæg,1,Projektstøtte,mfkn,"…truffet afgørelse efter § 8, stk. 5, nr. 1, og stk. 9, i bekendtgørelse nr. 323 af 4. april 2016 om tilskud til modernisering af kvægstalde, jf. § 11 a, stk. 1, i lov om Landdistriktsfonden. <sup> <a"
Tilskud til modernisering af stalde til malkekvæg og slagtekalve,1,Projektstøtte,mfkn,"…-ref-1"" href=""#footnote-1""> [1] </a> </sup> og § 25 i bekendtgørelse nr. 1121 af 5. oktober 2017 om tilskud til modernisering af kvægstalde, jf. § 11 a, stk. 1, i lov om Landdistriktsfonden. <sup> <a"
Udbetaling af projektilskud under LDP,1,Projektstøtte,mfkn,"…areklagenævnet. <a href=""#footnote-ref-3""> ↑ </a></p> </li> <li id=""footnote-4""> <p>Vejledningen om udbetaling af projektilskud under LDP, kap. 18. Sådan skal du informere offentligheden om dit proje"
Tilskud til investeringer på økologiske bedrifter,1,Projektstøtte,mfkn,"…har truffet afgørelse efter § 12, stk. 5, 1. pkt., i bekendtgørelse nr. 1185 af 15. oktober 2015 om tilskud til investeringer på økologiske bedrifter, jf. § 11 a, stk. 1, i lov om Landdistriktsfonden"
Ordningen ikke er forbudt at udskifte vitale dele i bygningen under renoveringen,1,Projektstøtte,mfkn,"…kkel af den eksisterende stald, hvorfor der skal ydes tilskud,</li> <li>det ifølge vejledningen til ordningen ikke er forbudt at udskifte vitale dele i bygningen under renoveringen, og</li> <li>der b"
Tilskudsordningen fremgår,1,Projektstøtte,mfkn,"…t det i § 7, stk. 2, jf. bilag 1, i bekendtgørelse nr. 417 af 12. maj 2016 samt af vejledningen til tilskudsordningen fremgår , <sup> <a id=""footnote-ref-3"" href=""#footnote-3""> [3] </a> </sup> at der"
Brug af afdriftsreducerende udstyr til høringssvaret,1,Projektstøtte,mfkn,"…men at det er en frivillig foranstaltning.</p> <p>Klager har vedlagt Miljøstyrelsens vejledning om brug af afdriftsreducerende udstyr til høringssvaret. <sup> <a id=""footnote-ref-4"" href=""#footnote-4"
Miljøstyrelsens vejledning om brug af afdriftsreducerende udstyr til høringssvaret,1,Projektstøtte,mfkn,"…rbindelse med sprøjtearbejdet, men at det er en frivillig foranstaltning.</p> <p>Klager har vedlagt Miljøstyrelsens vejledning om brug af afdriftsreducerende udstyr til høringssvaret. <sup> <a id=""fo"
Miljøteknologi - tilsagn fremgår,1,Projektstøtte,mfkn,"…oden. Det fremgår videre, at fakturaen skal være udstedt til tilsagnshaver.</p> <p>Af Vejledning om Miljøteknologi - tilsagn fremgår, <sup> <a id=""footnote-ref-4"" href=""#footnote-4""> [4] </a> </sup> "
Tilsagn til projekter vedrørende Miljøteknologi,1,Projektstøtte,mfkn,"…oduktion.</dd></dl><dl class=""small""><dd><sup><a id=""footnote2""> </a>2</sup>Side 25 i Vejledning om tilsagn til projekter vedrørende Miljøteknologi (Natur-Erhvervstyrelsen, 2013).</dd></dl>…"
Miljøteknologiordningen,1,Projektstøtte,mfkn,…ing er mulig via købekontrakt med ejendomsforbehold. I henviser i den forbindelse til vejledning om Miljøteknologiordningen.</p><p>Nærværende projekt omhandler imidlertid Den økologiske Investeringso
Tilskud til investeringer i nye teknologier på Økologiske jordbrugsbedrifter,1,Projektstøtte,mfkn,"…<a id=""footnote1""> </a>1</sup>§ 20, stk. 1, nr. 1, i bekendtgørelse nr. 1108 af 1. december 2011 om tilskud til investeringer i nye teknologier på økologiske bedrifter, med senere ændringer (tilskuds"
Tilskud til kommunale projekter om vandløbsrestaurering,1,Projektstøtte,mfkn,"…ndt andet ikke omfatte almindelige driftsomkostninger<sup>1</sup>. Det fremgår også i Vejledning om tilskud til kommunale projekter om vandløbsrestaurering, at almindelige driftsudgifter (f.eks. husl"
Tilskud til fremme af produktion og afsætning af kvalitetsfødevarer,1,Projektstøtte,mfkn,"…up><a id=""footnote1""> </a>1</sup>§ 9, stk. 1, nr. 5, i bekendtgørelse nr. 98 af 21. februar 2008 om tilskud til fremme af produktion og afsætning af kvalitetsfødevarer (herefter tilskudsbekendtgørels"
Tilskud til fælles initiativer inden for fiskeri- og akvakultursektoren,1,Projektstøtte,mfkn,"…><sup><a id=""footnote1""> </a>1</sup>Udstedt i medfør af bekendtgørelse nr. 260 af 24. marts 2010 om tilskud til fælles initiativer inden for fiskeri- og akvakulturen (herefter tilskudsbekendtgørelsen"
Tilskud til fælles initiativer inden for fiskeri og akvakultursektoren,1,Projektstøtte,mfkn,"…fgørelse om slutudbetaling af tilskud til projektet: Rådgivning af erhvervsfiskere under ordningen ""Tilskud til fælles initiativer indenfor fiskeri- og akvakultursektoren"".<sup>2</sup>.</p><p><a id="""
Tilskud til børne- og ungdomsaktiviteter i landdistrikterne,1,Projektstøtte,mfkn,"…400 kr.)</dd></dl><dl class=""small""><dd><sup><a id=""footnote3""> </a>3</sup>           Vejledning om tilskud til børne- og ungdomsaktiviteter i landdistrikterne, februar 2011 (Tilskudsvejledningen), s"
Anerkendelse af producentorganisationer inden for frugt- og grøntsagssektoren,1,Projektstøtte,mfkn,"…orvaltningsloven.</dd></dl><dl class=""small""><dd><sup><a id=""footnote11""> </a>11</sup>Vejledning om anerkendelse af producentorganisationer inden for frugt- og grøntsagssektoren. Ministeriet for Føde"
Naturstyrelsens vejledning om administration af r,1,Råstofloven,mfkn,"…safg&oslash;relsen. Klager har i den forbindelse henvist til, at det f&oslash;lger af pkt. 10.4.9 i Naturstyrelsens vejledning om administration af r&aring;stofloven,</span><a href=""#_ftn5"" name=""_ft"
Grænseværdier for støj og om måling og beregning af støj,1,Råstofloven,mfkn,…den tilladte driftstid.</i></p> <p><i>Støj</i></p> <p><i>Miljøstyrelsen har udgivet vejledningen om grænseværdier for støj og om måling og beregning af støj.</i></p> <p><i>Virksomhedens eksterne støj
Anvendelse af arealet,1,Skovloven,mfkn,"…&aelig;vnet bem&aelig;rker i &oslash;vrigt, at i forhold til anmoders &oslash;nske om vejledning om anvendelse af arealet, kan anmoder hvad ang&aring;r skovlovens regler finde vejledning herom ved Mi"
Ulovligt byggeri i fredskov,1,Skovloven,mfkn,"…god tro om byggeriets lovlighed, da det blev igangsat.</p>  <p>Det fremg&aring;r af vejledningen om ulovligt byggeri i fredskov, at &rdquo;Opdages det ved tilsyn eller p&aring; anden m&aring;de, at d"
Naturstyrelsens vejledning om habitatbekendtg,1,Skovloven,mfkn,"…v&aelig;sentligt. Genstanden for vurderingen er udpegningsgrundlaget.</p>  <p>Det fremg&aring;r af Naturstyrelsens vejledning om habitatbekendtg&oslash;relsen, at det er en <u>v&aelig;sentlig</u> p&a"
Kvalitetskrav til visse stoffer i drikkevandet,1,Vandforsyningsloven,mfkn,"…. Klager har i forhold til sundhedsfaren henvist til uddrag af Milj&oslash;styrelsens vejledning om kvalitetskrav til visse stoffer i drikkevandet.<a href=""#_ftn7"" name=""_ftnref7"" style=""color:blue; "
Vejledning nr. 60270 af 31. december 1984,1,Vandforsyningsloven,mfkn,"…name=""_ftn7"" style=""color:blue; text-decoration:underline;"" title="""">[7]</a> Milj&oslash;styrelsens vejledning nr. 60270 af 31. december 1984 om kvalitetskrav til visse stoffer i drikkevandet, <a hre"
Vejledning nr. 9214 af 7. marts 2017,1,Vandforsyningsloven,mfkn,"…"" name=""_ftn8"" style=""color:blue; text-decoration:underline"" title="""">[8]</a>&nbsp;Energistyrelsens vejledning nr. 9214 af 7. marts 2017 om fasts&aelig;ttelse af takser for vandforsyning,&nbsp;<a hre"
Indsatsprogrammer,1,Vandforsyningsloven,mfkn,"…vandet fra vandl&oslash;bet. Beskrivelserne fremg&aring;r af Milj&oslash;styrelsens vejledning til indsatsprogrammer. Det er kommunerne, der i forbindelse med sin behandling af ans&oslash;gninger om "
Vandkvalitet og tilsyn med vandforsyningsanlæg pkt,1,Vandforsyningsloven,mfkn,"…footnote-ref-5"" href=""#footnote-5""> [5] </a> </sup> som der henvises til i udkast til vejledning om vandkvalitet og tilsyn med vandforsyningsanlæg pkt. 2.6. <sup> <a id=""footnote-ref-6"" href=""#footno"
Håndtering om overskridelse de af mikrobiologisk drikkevandsparametre,1,Vandforsyningsloven,mfkn,"…vandværker vil blive afhjulpet i et samarbejde med vandværket i overensstemmelse med vejledning om håndtering om overskridelse de af mikrobiologisk drikkevandsparametre, og med, at [virksomhed1] er e"
"Miljøstyrelsens vejledning om vandkvalitet og tilsyn med vandforsyningsanlæg, vejledning n",1,Vandforsyningsloven,mfkn,"…det, at By- og Landskabsstyrelsen anbefalede, at kommunerne fulgte strategien omkring rensning fra Miljøstyrelsens vejledning om vandkvalitet og tilsyn med vandforsyningsanlæg, vejledning nr. 3, 2005"
Vandindvindingens påvirkning af vandløb,1,Vandforsyningsloven,mfkn,"…010c): Vejledning i vurdering af tilstand og fastlæggelse af mål for vandløb. Vejledning vedrørende vandindvindingens påvirkning af vandløb. Bilag 9, retningslinier for udarbejdelse af indsatsprogram"
Klageadgang i forhold til Nævnets handlemåde,1,Vandforsyningsloven,mfkn,"…lige som en hvilken som helst anden part i Danmark.</p> <p>         Advokaten ønsker vejledning om klageadgang i forhold til Nævnets handlemåde, hvis nævnet ikke genoptager sagen.</p> <a id=""q2"">&nbs"
Klageadgang i forhold til nævnets handlemåde,1,Vandforsyningsloven,mfkn,"…lige som en hvilken som helst anden part i Danmark.</p> <p>         Advokaten ønsker vejledning om klageadgang i forhold til Nævnets handlemåde, hvis nævnet ikke genoptager sagen.</p> <a id=""q2"">&nbs"
Vandkvalitet og tilsyn med vandforsyningsanlæg fremgår det,1,Vandforsyningsloven,mfkn,"…aturstyrelsen har den 11. marts 2014 henvist Viborg Kommune til Miljøstyrelsens vejledning nr. 3 om vandkvalitet og tilsyn med vandforsyningsanlæg fra 2005, hvorefter kommunen bør vurdere, om en kons"
Miljøstyrelsens vejledning om vandkvalitet og tilsyn med vandforsyningsanlæg fremgår det,1,Vandforsyningsloven,mfkn,"…lesvandværk       </p> <p>         Naturstyrelsen har den 11. marts 2014 henvist Viborg Kommune til Miljøstyrelsens vejledning nr. 3 om vandkvalitet og tilsyn med vandforsyningsanlæg fra 2005, hvoref"
Boringskontrol på vandværker gælder ikke for enkeltvandforsyninger,1,Vandforsyningsloven,mfkn,"…til ""Arbejdsrapport fra Miljøstyrelsen fra 2005"", side 17, hvoraf følgende fremgår: ""Vejledning om Boringskontrol på vandværker gælder ikke for enkeltvandforsyninger, hvor der ikke er krav om kontrol"
Vejledning nr. 4 af 1. november 2003,1,Vandforsyningsloven,mfkn,"…indarbejdet i fællesregulativet.</p> <dl class=""small""><dd> <sup><a id=""footnote5"">&nbsp;</a>5</sup>Vejledning nr. 4 af 1. november 2003 </dd></dl> <p>En tidligere udgave af fællesregulativet har vær"
Nitrat i drikkevand er det klagers opfattelse,1,Vandforsyningsloven,mfkn,"…anden måde. Det virker forkert, at reglerne ikke er ens i alle kommuner. Ud fra WHO's vejledning om nitrat i drikkevand er det klagers opfattelse, at vandet i hans boring er ganske uskadeligt. Klager"
Vandkvalitet og tilsyn med vandforsyningsanlæg indgå i sine overvejelser,1,Vandforsyningsloven,mfkn,…<td>At det er uklart om kommunen har ladt afsnit 5.3.2 om accept af overskridelse i vejledningen om vandkvalitet og tilsyn med vandforsyningsanlæg indgå i sine overvejelser.</td> </tr> <tr> <td class
Adgangen til klage samt fristen herfor,1,Vandforsyningsloven,mfkn,"…&oslash;relsen og heller ikke efterf&oslash;lgende har modtaget fyldestg&oslash;rende vejledning om adgangen til klage samt fristen herfor.</p><p>N&aelig;vnet anser derfor klagen for rettidig, uanset"
Zonering,1,Vandforsyningsloven,mfkn,"…mråde for vandindvinding       </p>       <p class=""Citat"">         I Miljøstyrelsens vejledning om zonering, ref. /7/, er der detaljeret redegjort for, at et indvindingsopland opdeles i zoner.      "
"Miljøstyrelsens vejledning om zonering, ref",1,Vandforsyningsloven,mfkn,"…ildepladszone og beskyttelsesområde for vandindvinding       </p>       <p class=""Citat"">         I Miljøstyrelsens vejledning om zonering, ref. /7/, er der detaljeret redegjort for, at et indvinding"
Normalregulativ for private vandforsyninger,1,Vandforsyningsloven,mfkn,…. 4 i Lov om vandforsyning m.v. nr. 71 af 17/01 2007. Vi har benyttet Miljøstyrelsens vejledning om normalregulativ for private vandforsyninger (nr. 4/2003). Denne vejledning er i forvejen almindelig
Miljøstyrelsens vejledning om vandforsyningsplanlægning,1,Vandforsyningsloven,mfkn,"…er om indvindingstilladelser i en vandforsyningsplan gøres det gældende, at dette bør og kan ske. I Miljøstyrelsens vejledning om vandforsyningsplanlægning 3.del, januar 1979, side 34, hedder det udt"
Vandværkstakster nr,1,Vandforsyningsloven,mfkn,"…rmed. Det fremgår af vandprisudvalgets betænkning af april 1983 og af Miljøstyrelsens vejledning om vandværkstakster nr. 1 i 1986, at først et anslået vandforbrug over 10.000 m³ anses for at være ud "
Miljøstyrelsens vejledning om vandværkstakster nr,1,Vandforsyningsloven,mfkn,"…der Miljøstyrelsen ikke at kunne foreslå noget fordelingstal.     </p>     <p>       Det fremgår af Miljøstyrelsens vejledning nr. 1 fra 1996 om normalregulativ for private vandforsyninger, side 7, a"
Vejledning nr. 2 af 10. januar 2005,1,Vandløbsloven,mfkn,"…eklagenævnet (FT 2016-17). <a href=""#footnote-ref-13""> ↑ </a></p> </li> <li id=""footnote-14""> <p>Se vejledning nr. 2 af 10. januar 2005 om højdesystemet. <a href=""#footnote-ref-14""> ↑ </a></p> </li> "
Vejledning nr. 5 af 1. november 1999,1,Vandløbsloven,mfkn,"…gulering og – restaurering m.v. <a href=""#footnote-ref-3""> ↑ </a></p> </li> <li id=""footnote-4""> <p>Vejledning nr. 5 af 1. november 1999 til bekendtgørelse om spildevandstilladelser m.v. efter miljøb"
Klager og bemærker i den forbindelse,1,Vandløbsloven,mfkn,"…en klagevejledning. Hørsholm Kommune har dog den 23. november 2015 fremsendt en klagevejledning til klager og bemærker i den forbindelse, at kommunen accepterer, at klagefristen regnes for modtagelse"
Etablering af vandingssteder,1,Vandløbsloven,mfkn,"…e tilstødende engarealer, at vandingsstedet medfører en sænkning af højden på vandløbsbrinken og at etablering af vandingsstedet vil give problemer i forhold til at lave høslet på de tilstødende enga"
Nævnet kan ikke ændre herved,1,Vandløbsloven,mfkn,"…den baggrund afvises sagen fra realitetsbehandling i nævnet. Ringsted Kommunes klagevejledning til nævnet kan ikke ændre herved.</p> <p>Spørgsmålet, om Ringsted Kommune har overholdt sin tilsynspligt"
